iso3c	year	births	schooling	population	continent	skilled	hexp
AFG	1960	7.282	0.092	9035043	Asia	NA	NA
AFG	1965	7.305	0.1	10036008	Asia	NA	NA
AFG	1970	7.4	0.166	11290128	Asia	NA	NA
AFG	1975	7.542	0.23	12773954	Asia	NA	NA
AFG	1980	7.643	0.356	13169311	Asia	NA	NA
AFG	1985	7.55	0.539	11426852	Asia	NA	NA
AFG	1990	7.576	0.726	12045660	Asia	NA	NA
AFG	1995	7.767	0.957	17065836	Asia	NA	NA
AFG	2000	7.566	1.248	20130327	Asia	12.4	NA
AFG	2005	6.858	1.438	24404567	Asia	NA	9.94828892
AFG	2010	6.195	2.137	28284089	Asia	34.3	8.56967163
AFG	2015	5.652	3.199	33831764	Asia	50.5	10.10534763
ALB	1960	6.383	2.679	1608800	Europe	NA	NA
ALB	1965	5.474	3.046	1864791	Europe	NA	NA
ALB	1970	5.158	4.016	2135479	Europe	NA	NA
ALB	1975	4.566	5.187	2404831	Europe	NA	NA
ALB	1980	3.59	6.419	2671997	Europe	NA	NA
ALB	1985	3.214	7.471	2964762	Europe	NA	NA
ALB	1990	3.014	8.224	3286542	Europe	93	NA
ALB	1995	2.762	8.29	3187784	Europe	89.1	NA
ALB	2000	2.217	9.753	3089027	Europe	99.1	5.9441976500000004
ALB	2005	1.787	10.138	3011487	Europe	99.8	5.72954512
ALB	2010	1.653	10.386	2913021	Europe	NA	6.23667669
ALB	2015	1.631	10.822	2731293	Europe	NA	6.46411896
DZA	1965	7.711	0.576	12365976	Africa	NA	NA
DZA	1970	7.704	0.851	13783719	Africa	NA	NA
DZA	1975	7.485	1.332	15678596	Africa	NA	NA
DZA	1980	6.994	1.954	18607174	Africa	NA	NA
DZA	1985	6.035	3.016	22008544	Africa	NA	NA
DZA	1990	4.509	3.792	25375810	Africa	NA	NA
DZA	1995	3.487	4.691	28470191	Africa	NA	NA
DZA	2000	2.59	5.276	30903893	Africa	92	3.21485448
DZA	2005	2.562	5.941	33109249	Africa	NA	3.1188612
DZA	2010	2.875	6.712	36188236	Africa	NA	4.64001417
DZA	2015	3.091	7.62	40019529	Africa	NA	6.3343544
AND	1960	2.545	NA	9510	Europe	NA	NA
AND	1965	2.715	NA	13634	Europe	NA	NA
AND	1970	2.787	NA	19977	Europe	NA	NA
AND	1975	2.458	NA	27773	Europe	NA	NA
AND	1980	1.83	NA	35782	Europe	NA	NA
AND	1985	1.434	NA	43825	Europe	NA	NA
AND	1990	1.401	NA	52597	Europe	NA	NA
AND	1995	1.319	NA	63912	Europe	NA	NA
AND	2000	1.273	NA	65685	Europe	NA	5.95276403
AND	2005	1.224	NA	77421	Europe	NA	5.59476948
AND	2010	1.275	NA	80706	Europe	NA	7.67537737
AND	2015	1.223	NA	72174	Europe	100	6.91586447
AGO	1980	7.459	NA	8133872	Africa	NA	NA
AGO	1985	7.451	NA	9779120	Africa	NA	NA
AGO	1990	7.272	NA	11626360	Africa	NA	NA
AGO	1995	6.918	NA	13699778	Africa	NA	NA
AGO	2000	6.639	NA	16194869	Africa	NA	1.90859938
AGO	2005	6.461	NA	19291161	Africa	NA	2.85219526
AGO	2010	6.194	NA	23294825	Africa	NA	2.69509959
AGO	2015	5.774	NA	28157798	Africa	NA	2.60579467
ATG	1985	2.151	NA	64591	Americas	NA	NA
ATG	1990	2.249	NA	63066	Americas	NA	NA
ATG	1995	2.159	NA	68189	Americas	100	NA
ATG	2000	2.196	NA	74912	Americas	99.9	4.71542597
ATG	2005	1.832	NA	79611	Americas	99.9	4.99094057
ATG	2010	1.785	NA	85320	Americas	100	5.37907028
ATG	2015	1.567	NA	89409	Americas	100	5.27965546
AZE	1995	2.29	NA	7684850	Asia	91.5	NA
AZE	2000	2	NA	8048600	Asia	80.7	2.89007497
AZE	2005	2	NA	8391850	Asia	94.4	2.22960997
AZE	2010	1.92	NA	9054332	Asia	99.4	2.64634848
AZE	2015	1.94	NA	9649341	Asia	99.8	4.34131384
ARG	1960	3.136	5.534	20386045	Americas	NA	NA
ARG	1965	3.005	5.886	22112629	Americas	NA	NA
ARG	1970	3.085	6.377	23878327	Americas	NA	NA
ARG	1975	3.271	6.959	25874107	Americas	NA	NA
ARG	1980	3.301	7.348	28011596	Americas	NA	NA
ARG	1985	3.066	8.085	30336441	Americas	NA	NA
ARG	1990	3.034	8.795	32755901	Americas	96.9	NA
ARG	1995	2.864	9.07	35070020	Americas	98.5	NA
ARG	2000	2.591	9.295	37213984	Americas	99.1	8.22001076
ARG	2005	2.426	9.693	39216789	Americas	99.1	7.61078882
ARG	2010	2.411	10.708	41288694	Americas	95	9.44546413
ARG	2015	2.35	10.43	43477012	Americas	99.6	10.22933674
AUS	1960	3.453	8.545	10276477	Oceania	NA	NA
AUS	1965	2.977	8.971	11388000	Oceania	NA	NA
AUS	1970	2.859	9.645	12507000	Oceania	NA	NA
AUS	1975	2.148	10.512	13893000	Oceania	NA	NA
AUS	1980	1.891	11.272	14692000	Oceania	NA	NA
AUS	1985	1.923	11.316	15788312	Oceania	NA	NA
AUS	1990	1.902	11.36	17065128	Oceania	NA	NA
AUS	1995	1.822	11.482	18004882	Oceania	99.3	NA
AUS	2000	1.756	11.388	19028802	Oceania	99.3	7.58869076
AUS	2005	1.807	11.781	20176844	Oceania	99.4	7.9648633
AUS	2010	1.928	12.49	22031750	Oceania	99.1	8.41878414
AUS	2015	1.814	12.511	23815995	Oceania	98.8	10.17367649
AUT	1960	2.69	5.433	7047539	Europe	NA	NA
AUT	1965	2.7	5.932	7270889	Europe	NA	NA
AUT	1970	2.29	6.394	7467086	Europe	NA	NA
AUT	1975	1.83	6.578	7578903	Europe	NA	NA
AUT	1980	1.65	6.767	7549433	Europe	NA	NA
AUT	1985	1.47	7.066	7564985	Europe	NA	NA
AUT	1990	1.46	7.573	7677850	Europe	NA	NA
AUT	1995	1.42	8.291	7948278	Europe	NA	NA
AUT	2000	1.36	8.849	8011566	Europe	98.3	9.20371342
AUT	2005	1.41	9.357	8227829	Europe	98.6	9.62702942
AUT	2010	1.44	9.696	8363404	Europe	98.5	10.22101879
AUT	2015	1.49	10.452	8642699	Europe	98.5	10.36746693
BHS	1975	3.424	NA	209886	Americas	NA	NA
BHS	1980	2.842	NA	232526	Americas	NA	NA
BHS	1985	2.546	NA	253154	Americas	NA	NA
BHS	1990	2.52	NA	275945	Americas	99	NA
BHS	1995	2.419	NA	301461	Americas	99	NA
BHS	2000	2.06	NA	323835	Americas	99	3.80487037
BHS	2005	2.008	NA	343894	Americas	98.7	4.03196478
BHS	2010	1.837	NA	367478	Americas	99.1	5.25594234
BHS	2015	1.574	NA	385346	Americas	98	5.24419451
BHR	1975	5.618	3.517	283243	Asia	NA	NA
BHR	1980	4.762	4.56	358978	Asia	NA	NA
BHR	1985	4.281	5.527	430358	Asia	NA	NA
BHR	1990	3.817	6.68	514797	Asia	NA	NA
BHR	1995	3.128	7.318	558879	Asia	97.6	NA
BHR	2000	2.798	7.884	637582	Asia	97.7	3.33542562
BHR	2005	2.67	7.623	888822	Asia	97.5	3.25870824
BHR	2010	1.987	7.417	1228543	Asia	99.3	4.08934975
BHR	2015	2.113	9.256	1370322	Asia	99.9	4.97671938
BGD	1975	6.728	0.713	77854351	Asia	NA	NA
BGD	1980	6.326	1.315	88016432	Asia	NA	NA
BGD	1985	5.539	1.941	100253825	Asia	NA	NA
BGD	1990	4.506	2.399	111633717	Asia	NA	NA
BGD	1995	3.588	3.112	122600370	Asia	NA	NA
BGD	2000	3.279	4.328	134544304	Asia	12.1	1.80504513
BGD	2005	2.846	5.273	144715786	Asia	NA	2.05873919
BGD	2010	2.38	6.238	152201981	Asia	26.5	2.28807664
BGD	2015	2.227	6.783	159383179	Asia	NA	2.27217698
ARM	1995	2.067	10.692	3307581	Asia	93.1	NA
ARM	2000	1.3	10.8	3221100	Asia	96.8	4.19581175
ARM	2005	1.3	10.903	3146400	Asia	97.8	5.8618803
ARM	2010	1.5	11.037	3044800	Asia	99.5	9.23538303
ARM	2015	1.6	11.884	3004600	Asia	NA	10.11762714
BRB	1970	3.079	8.464	249387	Americas	NA	NA
BRB	1975	2.447	7.827	251175	Americas	NA	NA
BRB	1980	1.777	7.6	251524	Americas	NA	NA
BRB	1985	1.769	8.323	255820	Americas	NA	NA
BRB	1990	1.842	8.773	258582	Americas	NA	NA
BRB	1995	1.704	9.122	262039	Americas	100	NA
BRB	2000	1.933	9.364	262063	Americas	98	5.33187246
BRB	2005	1.738	9.617	268706	Americas	100	6.77536297
BRB	2010	1.785	9.883	275243	Americas	NA	6.77094746
BRB	2015	1.726	10.148	278990	Americas	99	6.81827545
BEL	1960	2.54	7.167	9153489	Europe	NA	NA
BEL	1965	2.61	7.26	9463667	Europe	NA	NA
BEL	1970	2.25	7.716	9655549	Europe	NA	NA
BEL	1975	1.74	8.124	9800700	Europe	NA	NA
BEL	1980	1.68	8.711	9859242	Europe	NA	NA
BEL	1985	1.51	9.23	9858308	Europe	NA	NA
BEL	1990	1.62	9.864	9967379	Europe	NA	NA
BEL	1995	1.56	10.571	10136811	Europe	NA	NA
BEL	2000	1.67	10.939	10251250	Europe	NA	7.99917603
BEL	2005	1.76	11.099	10478617	Europe	NA	9.22216892
BEL	2010	1.86	11.308	10895586	Europe	NA	10.20009708
BEL	2015	1.7	11.763	11274196	Europe	NA	10.79679203
BTN	1960	6.704	NA	224084	Asia	NA	NA
BTN	1965	6.679	NA	261200	Asia	NA	NA
BTN	1970	6.65	NA	308528	Asia	NA	NA
BTN	1975	6.62	NA	365791	Asia	NA	NA
BTN	1980	6.511	NA	433404	Asia	NA	NA
BTN	1985	6.176	NA	508392	Asia	NA	NA
BTN	1990	5.604	NA	589287	Asia	NA	NA
BTN	1995	4.624	NA	547989	Asia	NA	NA
BTN	2000	3.378	NA	596863	Asia	27.3	4.13867903
BTN	2005	2.726	NA	661865	Asia	52.3	3.83308983
BTN	2010	2.252	NA	701632	Asia	64.5	3.29502344
BTN	2015	1.835	NA	740618	Asia	89	3.48926425
BOL	1960	6.273	2.408	3702323	Americas	NA	NA
BOL	1965	6.182	2.838	4109796	Americas	NA	NA
BOL	1970	6.004	3.217	4590010	Americas	NA	NA
BOL	1975	5.748	3.803	5137539	Americas	NA	NA
BOL	1980	5.474	4.785	5758900	Americas	NA	NA
BOL	1985	5.153	5.793	6416185	Americas	NA	NA
BOL	1990	4.9	6.805	7130142	Americas	NA	NA
BOL	1995	4.409	7.322	7874676	Americas	NA	NA
BOL	2000	3.991	8.014	8606326	Americas	67.3	4.39554119
BOL	2005	3.558	8.143	9360754	Americas	NA	5.07408142
BOL	2010	3.213	8.041	10182345	Americas	NA	5.20230532
BOL	2015	2.886	9.364	11014705	Americas	88.8	6.55064964
BIH	1995	1.669	NA	3715564	Europe	NA	NA
BIH	2000	1.282	NA	4159771	Europe	98.9	7.98265457
BIH	2005	1.203	NA	4096493	Europe	99.9	9.05223751
BIH	2010	1.26	NA	3811472	Europe	99.9	9.01888275
BIH	2015	1.322	NA	3518541	Europe	99.9	9.24086571
BWA	1970	6.55	2.294	590334	Africa	NA	NA
BWA	1975	6.613	2.878	720380	Africa	NA	NA
BWA	1980	6.292	3.34	937485	Africa	NA	NA
BWA	1985	5.482	5.471	1121945	Africa	NA	NA
BWA	1990	4.509	7.615	1305696	Africa	NA	NA
BWA	1995	3.792	8.474	1498836	Africa	NA	NA
BWA	2000	3.294	9.044	1677382	Africa	98.5	6.10838556
BWA	2005	3.082	9.449	1839877	Africa	94	5.26532936
BWA	2010	3.135	9.826	2033111	Africa	99.1	6.26718187
BWA	2015	3.008	10.199	2203273	Africa	99.7	6.10287762
BRA	1960	6.051	2.342	72388126	Americas	NA	NA
BRA	1965	5.677	2.661	83817583	Americas	NA	NA
BRA	1970	4.934	3.11	95375651	Americas	NA	NA
BRA	1975	4.415	2.783	107619565	Americas	NA	NA
BRA	1980	4.037	3.027	121207461	Americas	NA	NA
BRA	1985	3.48	4.227	135515595	Americas	NA	NA
BRA	1990	2.896	5.144	149143223	Americas	NA	NA
BRA	1995	2.567	5.996	161735073	Americas	NA	NA
BRA	2000	2.247	6.933	174018282	Americas	98.6	8.33457184
BRA	2005	1.942	7.813	184688101	Americas	98.6	8.03539562
BRA	2010	1.786	8.397	193701929	Americas	98.9	7.94516611
BRA	2015	1.777	8.829	201675532	Americas	98.2	8.90929985
BLZ	1985	4.997	8.043	163796	Americas	NA	NA
BLZ	1990	4.802	8.993	183076	Americas	NA	NA
BLZ	1995	3.876	9.639	204146	Americas	79	NA
BLZ	2000	3.633	10.202	240799	Americas	90.2	3.09182477
BLZ	2005	3.173	10.793	279731	Americas	89.3	3.55393219
BLZ	2010	2.552	11.332	320245	Americas	94	4.49390221
BLZ	2015	2.433	11.33	356333	Americas	93.5	4.66880131
SLB	1980	6.768	NA	238135	Oceania	NA	NA
SLB	1985	6.375	NA	282455	Oceania	NA	NA
SLB	1990	5.74	NA	331435	Oceania	85	NA
SLB	1995	5.335	NA	384733	Oceania	NA	NA
SLB	2000	4.757	NA	440469	Oceania	NA	4.82778931
SLB	2005	4.411	NA	483080	Oceania	NA	9.01794529
SLB	2010	4.341	NA	532968	Oceania	NA	4.6645078699999996
SLB	2015	4.291	NA	639415	Oceania	86.2	4.44853306
BRN	1985	3.612	6.747	218919	Asia	NA	NA
BRN	1990	3.29	7.392	255292	Asia	NA	NA
BRN	1995	2.787	7.892	291195	Asia	96.2	NA
BRN	2000	2.398	8.223	326424	Asia	99.2	2.5479064
BRN	2005	2.024	8.518	358916	Asia	99.7	2.23386168
BRN	2010	1.937	8.851	392332	Asia	99.8	2.27826095
BRN	2015	1.947	9.134	422212	Asia	100	2.38708901
BGR	1960	2.31	4.84	7867374	Europe	NA	NA
BGR	1965	2.09	4.45	8204168	Europe	NA	NA
BGR	1970	2.17	6.225	8489574	Europe	NA	NA
BGR	1975	2.23	7.118	8720742	Europe	NA	NA
BGR	1980	2.05	7.914	8861535	Europe	NA	NA
BGR	1985	1.97	8.592	8960547	Europe	NA	NA
BGR	1990	1.82	8.661	8718289	Europe	99.1	NA
BGR	1995	1.23	9.359	8406067	Europe	98.9	NA
BGR	2000	1.26	9.769	8170172	Europe	99.8	5.82970953
BGR	2005	1.37	10.725	7658972	Europe	99.4	6.89011478
BGR	2010	1.57	11.173	7395599	Europe	99.5	7.09477949
BGR	2015	1.64	11.333	6984225	Europe	93.4	7.39363575
MMR	1960	5.901	0.894	21730250	Asia	NA	NA
MMR	1965	5.912	1.013	24279431	Asia	NA	NA
MMR	1970	5.682	1.15	27193016	Asia	NA	NA
MMR	1975	5.249	1.338	30176565	Asia	NA	NA
MMR	1980	4.789	1.985	33227204	Asia	NA	NA
MMR	1985	4.316	2.556	36622827	Asia	NA	NA
MMR	1990	3.504	2.95	39817251	Asia	NA	NA
MMR	1995	3.127	3.468	42605338	Asia	NA	NA
MMR	2000	2.813	4.025	45290841	Asia	NA	2.12591195
MMR	2005	2.515	4.607	47438365	Asia	NA	2.48261595
MMR	2010	2.335	5.349	49024382	Asia	70.6	2.08368421
MMR	2015	2.266	5.861	51089056	Asia	NA	5.47780561
BDI	1965	7.113	0.595	3141367	Africa	NA	NA
BDI	1970	7.214	0.706	3530432	Africa	NA	NA
BDI	1975	7.244	0.805	3796612	Africa	NA	NA
BDI	1980	7.353	0.983	4383706	Africa	NA	NA
BDI	1985	7.294	1.105	5034042	Africa	NA	NA
BDI	1990	7.365	1.366	5587052	Africa	NA	NA
BDI	1995	7.184	1.756	6066316	Africa	NA	NA
BDI	2000	6.872	2.178	6470194	Africa	25.2	4.22181606
BDI	2005	6.708	2.496	7587299	Africa	31.8	7.56016588
BDI	2010	6.26	3.067	9376444	Africa	60.3	11.28196716
BDI	2015	5.695	2.921	11047580	Africa	NA	6.29022646
BLR	1995	1.406	NA	10193831	Europe	99.9	NA
BLR	2000	1.317	NA	9979610	Europe	99.9	5.28088045
BLR	2005	1.252	NA	9663915	Europe	100	6.07036304
BLR	2010	1.494	NA	9483836	Europe	99.9	5.65694332
BLR	2015	1.724	NA	9461076	Europe	NA	6.06528044
KHM	1960	6.313	0.574	5449966	Asia	NA	NA
KHM	1965	6.267	0.745	6072289	Asia	NA	NA
KHM	1970	6.071	1.029	6639182	Asia	NA	NA
KHM	1975	4.103	1.378	6581371	Asia	NA	NA
KHM	1980	5.774	1.718	5199872	Asia	NA	NA
KHM	1985	6.313	1.942	6043783	Asia	NA	NA
KHM	1990	5.642	2.248	7374752	Asia	NA	NA
KHM	1995	5.076	2.492	10018497	Asia	43.3	NA
KHM	2000	3.794	2.84	12462336	Asia	31.8	6.48248434
KHM	2005	3.238	3.486	13439202	Asia	43.8	6.15047693
KHM	2010	2.859	4.225	14500726	Asia	71	5.62713194
KHM	2015	2.729	4.207	15623251	Asia	NA	4.62506533
CMR	1960	5.725	0.503	5159057	Africa	NA	NA
CMR	1965	5.796	0.769	5704686	Africa	NA	NA
CMR	1970	6.197	1.097	6449793	Africa	NA	NA
CMR	1975	6.401	1.72	7397120	Africa	NA	NA
CMR	1980	6.613	2.37	8512219	Africa	NA	NA
CMR	1985	6.564	3.083	9761730	Africa	NA	NA
CMR	1990	6.362	3.823	11331821	Africa	NA	NA
CMR	1995	5.919	4.494	13058516	Africa	NA	NA
CMR	2000	5.514	5.024	14912631	Africa	56	4.29573393
CMR	2005	5.421	5.419	17074594	Africa	NA	3.77274442
CMR	2010	5.154	5.964	19668066	Africa	NA	3.57742167
CMR	2015	4.841	6.496	22763414	Africa	NA	4.12600517
CAN	1960	3.811	8.644	17909356	Americas	NA	NA
CAN	1965	3.115	8.813	19678000	Americas	NA	NA
CAN	1970	2.258	9.359	21324000	Americas	NA	NA
CAN	1975	1.824	9.866	23143275	Americas	NA	NA
CAN	1980	1.74	10.258	24515667	Americas	NA	NA
CAN	1985	1.67	10.159	25842116	Americas	NA	NA
CAN	1990	1.83	10.677	27691138	Americas	NA	NA
CAN	1995	1.67	11.114	29302311	Americas	99.4	NA
CAN	2000	1.51	11.435	30685730	Americas	99.3	8.24814415
CAN	2005	1.58	12.635	32242732	Americas	98.8	9.03540611
CAN	2010	1.65	12.915	34005902	Americas	98.5	10.70405102
CAN	2015	1.6	13.097	35704498	Americas	97.9	10.76850224
CPV	1980	6.375	NA	323301	Africa	NA	NA
CPV	1985	5.921	NA	347365	Africa	NA	NA
CPV	1990	5.36	NA	375428	Africa	NA	NA
CPV	1995	4.494	NA	418104	Africa	54	NA
CPV	2000	3.545	NA	453317	Africa	NA	4.43401194
CPV	2005	2.726	NA	485115	Africa	77.5	4.47569275
CPV	2010	2.329	NA	509784	Africa	98.5	4.08108234
CPV	2015	1.968	NA	512394	Africa	91.4	4.40073681
CAF	1965	6.028	0.317	1877854	Africa	NA	NA
CAF	1970	6.027	0.402	2097505	Africa	NA	NA
CAF	1975	5.877	0.592	2313916	Africa	NA	NA
CAF	1980	6.13	0.956	2450535	Africa	NA	NA
CAF	1985	6.119	1.253	2600932	Africa	NA	NA
CAF	1990	6.049	1.694	2871910	Africa	NA	NA
CAF	1995	5.943	2.077	3348052	Africa	45.9	NA
CAF	2000	5.851	2.373	3833416	Africa	31.7	4.3808217
CAF	2005	5.812	2.633	4288810	Africa	NA	4.22857571
CAF	2010	5.963	2.939	4492995	Africa	40	3.56699872
CAF	2015	6.126	2.991	4629320	Africa	NA	5.03434181
LKA	1960	5.352	3.362	9661389	Asia	NA	NA
LKA	1965	4.934	3.814	10916965	Asia	NA	NA
LKA	1970	4.387	5.997	12287110	Asia	NA	NA
LKA	1975	3.816	6.464	13548984	Asia	NA	NA
LKA	1980	3.725	6.811	14847974	Asia	NA	NA
LKA	1985	2.895	7.59	15544154	Asia	NA	NA
LKA	1990	2.541	8.698	16352458	Asia	NA	NA
LKA	1995	2.353	9.747	17564068	Asia	NA	NA
LKA	2000	2.213	10.786	19293054	Asia	96	4.10818672
LKA	2005	2.263	10.869	20216524	Asia	NA	3.87908745
LKA	2010	2.134	10.731	20879089	Asia	NA	3.7414515
LKA	2015	2.09	11.189	20970000	Asia	NA	3.6826396
TCD	1965	6.337	NA	3374220	Africa	NA	NA
TCD	1970	6.528	NA	3727828	Africa	NA	NA
TCD	1975	6.876	NA	4167234	Africa	NA	NA
TCD	1980	6.908	NA	4515453	Africa	NA	NA
TCD	1985	7.037	NA	5096269	Africa	NA	NA
TCD	1990	7.219	NA	5982833	Africa	NA	NA
TCD	1995	7.29	NA	7089064	Africa	NA	NA
TCD	2000	7.249	NA	8512093	Africa	13.7	4.00526953
TCD	2005	7.134	NA	10328092	Africa	NA	3.55289602
TCD	2010	6.99	NA	12312575	Africa	16.6	3.04079008
TCD	2015	6.706	NA	14647621	Africa	24.3	3.41504669
CHL	1960	4.697	5.094	8153350	Americas	NA	NA
CHL	1965	4.364	5.564	9012938	Americas	NA	NA
CHL	1970	3.778	6.035	9845344	Americas	NA	NA
CHL	1975	3.182	6.598	10671559	Americas	NA	NA
CHL	1980	2.744	7.069	11508550	Americas	NA	NA
CHL	1985	2.592	7.819	12395274	Americas	NA	NA
CHL	1990	2.579	8.589	13437176	Americas	NA	NA
CHL	1995	2.353	8.884	14527381	Americas	99.5	NA
CHL	2000	2.046	9.333	15503635	Americas	99.8	7.00020742
CHL	2005	1.825	9.943	16348778	Americas	99.8	6.62372065
CHL	2010	1.844	10.389	17181464	Americas	99.8	6.81958389
CHL	2015	1.737	10.543	18047625	Americas	99.7	8.3513937
CHN	1960	4.451	2.109	667070000	Asia	NA	NA
CHN	1965	6.605	2.704	715185000	Asia	NA	NA
CHN	1970	6.085	3.511	818315000	Asia	NA	NA
CHN	1975	3.571	4.152	916395000	Asia	NA	NA
CHN	1980	2.739	4.997	981235000	Asia	NA	NA
CHN	1985	2.633	5.695	1051040000	Asia	NA	NA
CHN	1990	2.514	6.218	1135185000	Asia	94	NA
CHN	1995	1.588	6.678	1204855000	Asia	89.3	NA
CHN	2000	1.628	7.145	1262645000	Asia	96.6	4.50828123
CHN	2005	1.624	7.527	1303720000	Asia	97.5	4.17605019
CHN	2010	1.687	7.888	1337705000	Asia	99.6	4.23068333
CHN	2015	1.67	8.347	1379860000	Asia	99.9	4.93827963
TWN	1960	NA	2.391	NA	Asia	NA	NA
TWN	1965	NA	2.9	NA	Asia	NA	NA
TWN	1970	NA	3.904	NA	Asia	NA	NA
TWN	1975	NA	5.135	NA	Asia	NA	NA
TWN	1980	NA	6.517	NA	Asia	NA	NA
TWN	1985	NA	7.507	NA	Asia	NA	NA
TWN	1990	NA	8.503	NA	Asia	NA	NA
TWN	1995	NA	9.348	NA	Asia	NA	NA
TWN	2000	NA	10.099	NA	Asia	NA	NA
TWN	2005	NA	11.161	NA	Asia	NA	NA
TWN	2010	NA	11.67	NA	Asia	NA	NA
TWN	2015	NA	12.344	NA	Asia	NA	NA
COL	1960	6.735	2.989	15606209	Americas	NA	NA
COL	1965	6.333	3.348	18169050	Americas	NA	NA
COL	1970	5.276	3.818	20811782	Americas	NA	NA
COL	1975	4.398	4.268	23344644	Americas	NA	NA
COL	1980	3.798	4.927	26104498	Americas	NA	NA
COL	1985	3.225	5.565	29268470	Americas	NA	NA
COL	1990	2.995	6.128	32440069	Americas	80.6	NA
COL	1995	2.85	6.674	35804662	Americas	84.5	NA
COL	2000	2.574	7.151	39089934	Americas	86.1	5.63529348
COL	2005	2.309	7.618	42128977	Americas	90.7	6.06710577
COL	2010	2.01	9.419	44777319	Americas	94.8	7.07130194
COL	2015	1.771	9.492	46969940	Americas	99	7.52338505
COM	1980	7.154	NA	337721	Africa	NA	NA
COM	1985	7.021	NA	388352	Africa	NA	NA
COM	1990	6.505	NA	444596	Africa	NA	NA
COM	1995	5.73	NA	490586	Africa	NA	NA
COM	2000	5.227	NA	536080	Africa	61.8	7.52074909
COM	2005	5.012	NA	592677	Africa	NA	6.12670708
COM	2010	4.755	NA	654836	Africa	NA	4.99181557
COM	2015	4.42	NA	726682	Africa	NA	4.60089922
COG	1965	6.229	0.916	1207880	Africa	NA	NA
COG	1970	6.376	1.336	1397638	Africa	NA	NA
COG	1975	6.356	2.44	1627032	Africa	NA	NA
COG	1980	6.065	3.224	1828985	Africa	NA	NA
COG	1985	5.587	4.111	2059311	Africa	NA	NA
COG	1990	5.266	4.926	2380560	Africa	NA	NA
COG	1995	5.068	5.289	2749461	Africa	NA	NA
COG	2000	4.724	5.33	3151345	Africa	NA	1.50500846
COG	2005	4.669	5.371	3696393	Africa	83.4	1.71774101
COG	2010	4.851	5.562	4462290	Africa	NA	1.85172856
COG	2015	4.607	5.674	5097581	Africa	91.2	2.45668483
COD	1960	NA	NA	NA	Africa	NA	NA
COD	1965	6.21	0.346	17427802	Africa	NA	NA
COD	1970	6.329	0.523	20137436	Africa	NA	NA
COD	1975	6.419	0.787	23021101	Africa	NA	NA
COD	1980	6.495	1.148	26711099	Africa	NA	NA
COD	1985	6.612	1.53	31264816	Africa	NA	NA
COD	1990	6.649	2.219	36684063	Africa	NA	NA
COD	1995	6.676	2.449	44433704	Africa	NA	NA
COD	2000	6.702	2.608	50507442	Africa	NA	1.46594739
COD	2005	6.526	2.912	58775724	Africa	NA	3.98558235
COD	2010	6.587	3.207	68563038	Africa	74.1	3.72224283
COD	2015	6.437	5.469	81035531	Africa	NA	3.74785447
CRI	1960	6.712	3.934	1327496	Americas	NA	NA
CRI	1965	5.96	4.227	1586208	Americas	NA	NA
CRI	1970	4.585	4.029	1838949	Americas	NA	NA
CRI	1975	3.804	5.275	2092719	Americas	NA	NA
CRI	1980	3.583	6.22	2390633	Americas	NA	NA
CRI	1985	3.511	6.859	2741894	Americas	NA	NA
CRI	1990	3.167	7.28	3121706	Americas	NA	NA
CRI	1995	2.779	7.616	3535176	Americas	NA	NA
CRI	2000	2.413	8.029	3937739	Americas	96.6	6.56498718
CRI	2005	2.038	8.608	4261240	Americas	98.5	6.66429663
CRI	2010	1.827	8.616	4555962	Americas	95.3	8.02937698
CRI	2015	1.797	8.759	4818038	Americas	90	7.59196186
HRV	1995	1.58	8.752	4620030	Europe	99.9	NA
HRV	2000	1.39	9.851	4468302	Europe	99.9	7.65291882
HRV	2005	1.5	11.122	4310145	Europe	99.9	6.83877182
HRV	2010	1.46	11.875	4295427	Europe	99.9	7.96871901
HRV	2015	1.41	12.01	4151725	Europe	99.9	6.65469885
CUB	1960	4.129	4.139	7238081	Americas	NA	NA
CUB	1965	4.504	4.635	8030797	Americas	NA	NA
CUB	1970	3.981	5.389	8824382	Americas	NA	NA
CUB	1975	2.824	6.259	9479726	Americas	NA	NA
CUB	1980	1.637	7.525	9804796	Americas	NA	NA
CUB	1985	1.772	8.417	10157228	Americas	NA	NA
CUB	1990	1.806	9.053	10631799	Americas	99.8	NA
CUB	1995	1.481	9.482	10925362	Americas	99.8	NA
CUB	2000	1.608	9.839	11109109	Americas	99.9	6.58189821
CUB	2005	1.486	10.369	11262554	Americas	99.9	8.75525475
CUB	2010	1.673	11.097	11297409	Americas	99.9	10.6880827
CUB	2015	1.685	11.299	11275065	Americas	99.9	12.81404305
CYP	1975	2.107	6.372	659405	Asia	NA	NA
CYP	1980	2.298	7.351	683076	Asia	NA	NA
CYP	1985	2.432	8.426	731277	Asia	NA	NA
CYP	1990	2.402	9.46	788351	Asia	100	NA
CYP	1995	2.032	10	862695	Asia	100	NA
CYP	2000	1.638	10.648	947667	Asia	97.9	5.30800056
CYP	2005	1.479	9.747	1036151	Asia	99.3	5.43580961
CYP	2010	1.434	11.787	1127816	Asia	98.6	6.50055742
CYP	2015	1.323	12.088	1219502	Asia	97.1	6.79382181
CSK	1960	NA	NA	NA	NA	NA	NA
CSK	1965	NA	NA	NA	NA	NA	NA
CSK	1970	NA	NA	NA	NA	NA	NA
CSK	1975	NA	NA	NA	NA	NA	NA
CSK	1980	NA	NA	NA	NA	NA	NA
CSK	1985	NA	NA	NA	NA	NA	NA
CSK	1990	NA	NA	NA	NA	NA	NA
CZE	1995	1.28	12.099	10327253	Europe	100	NA
CZE	2000	1.15	12.673	10255063	Europe	99.8	5.70103025
CZE	2005	1.29	12.738	10211216	Europe	99.8	6.34086704
CZE	2010	1.51	12.774	10474410	Europe	99.7	7.55343866
CZE	2015	1.57	12.945	10546059	Europe	NA	7.3351512
BEN	1965	6.605	0.423	2757936	Africa	NA	NA
BEN	1970	6.735	0.471	3065057	Africa	NA	NA
BEN	1975	6.83	0.532	3445407	Africa	NA	NA
BEN	1980	6.989	0.698	3925251	Africa	NA	NA
BEN	1985	7.003	1.043	4538012	Africa	NA	NA
BEN	1990	6.741	1.417	5281479	Africa	NA	NA
BEN	1995	6.33	1.765	6226773	Africa	NA	NA
BEN	2000	5.937	2.163	7221619	Africa	NA	2.9591713
BEN	2005	5.692	2.686	8426144	Africa	75	3.22345805
BEN	2010	5.452	3.486	9797484	Africa	NA	3.00988984
BEN	2015	5.32	4.225	11360681	Africa	NA	2.72813416
DNK	1960	2.57	4.717	4579603	Europe	NA	NA
DNK	1965	2.61	5.578	4759012	Europe	NA	NA
DNK	1970	1.95	6.638	4928757	Europe	NA	NA
DNK	1975	1.92	7.501	5059862	Europe	NA	NA
DNK	1980	1.55	8.37	5123027	Europe	NA	NA
DNK	1985	1.45	9.106	5113691	Europe	NA	NA
DNK	1990	1.67	10.211	5140939	Europe	NA	NA
DNK	1995	1.8	10.844	5233373	Europe	NA	NA
DNK	2000	1.77	11.39	5339616	Europe	98.8	8.10438347
DNK	2005	1.8	11.769	5419432	Europe	98.8	9.0905695
DNK	2010	1.87	12.029	5547683	Europe	98.5	10.60774708
DNK	2015	1.71	13.203	5683483	Europe	95.4	10.34411812
DMA	1980	3.035	NA	73083	Americas	NA	NA
DMA	1985	3.116	NA	71744	Americas	NA	NA
DMA	1990	3.092	NA	69627	Americas	NA	NA
DMA	1995	2.708	NA	69469	Americas	100	NA
DMA	2000	2.346	NA	68511	Americas	100	5.32374382
DMA	2005	1.998	NA	68734	Americas	99	4.97772503
DMA	2010	1.887	NA	68859	Americas	100	5.15711927
DMA	2015	1.648	NA	70410	Americas	100	5.15941811
DOM	1960	7.555	2.803	3268336	Americas	NA	NA
DOM	1965	7.053	3.03	3808963	Americas	NA	NA
DOM	1970	6.184	3.603	4399290	Americas	NA	NA
DOM	1975	5.235	4.069	5046776	Americas	NA	NA
DOM	1980	4.302	4.673	5729037	Americas	NA	NA
DOM	1985	3.686	5.344	6430404	Americas	NA	NA
DOM	1990	3.411	6.07	7151166	Americas	NA	NA
DOM	1995	3.101	6.639	7888115	Americas	NA	NA
DOM	2000	2.869	7.168	8584190	Americas	97.6	4.88427496
DOM	2005	2.574	7.754	9225034	Americas	NA	4.35391188
DOM	2010	2.556	8.471	9820175	Americas	97.8	4.92355442
DOM	2015	2.43	10.127	10434829	Americas	99.6	4.72216797
ECU	1960	6.721	3.01	4590891	Americas	NA	NA
ECU	1965	6.564	3.676	5303963	Americas	NA	NA
ECU	1970	6.138	4.221	6155387	Americas	NA	NA
ECU	1975	5.426	4.775	7118251	Americas	NA	NA
ECU	1980	4.73	6.08	8165877	Americas	NA	NA
ECU	1985	4.145	6.489	9311154	Americas	NA	NA
ECU	1990	3.68	6.998	10473673	Americas	NA	NA
ECU	1995	3.381	7.185	11590514	Americas	NA	NA
ECU	2000	3.102	7.348	12689206	Americas	70.9	3.4825685
ECU	2005	2.8	7.665	13846163	Americas	78.5	5.76793766
ECU	2010	2.615	8.049	15076695	Americas	87.4	6.34925699
ECU	2015	2.209	9.297	16266225	Americas	94.2	7.76786041
SLV	1960	6.618	1.793	2791459	Americas	NA	NA
SLV	1965	6.636	2.177	3199466	Americas	NA	NA
SLV	1970	6.178	2.654	3668796	Americas	NA	NA
SLV	1975	5.705	3.1	4120449	Americas	NA	NA
SLV	1980	5.107	3.531	4540382	Americas	NA	NA
SLV	1985	4.316	4.376	4894706	Americas	85.4	NA
SLV	1990	3.964	4.961	5399726	Americas	NA	NA
SLV	1995	3.568	5.641	5762131	Americas	NA	NA
SLV	2000	3.076	6.817	5943366	Americas	NA	7.84342813
SLV	2005	2.44	7.808	6005578	Americas	87.2	9.20057869
SLV	2010	2.239	7.927	6068249	Americas	98	8.90416241
SLV	2015	2.067	7.549	6183676	Americas	99.9	8.75833225
GNQ	1970	5.808	NA	320803	Africa	NA	NA
GNQ	1975	5.791	NA	287901	Africa	NA	NA
GNQ	1980	5.835	NA	288644	Africa	NA	NA
GNQ	1985	5.946	NA	385547	Africa	NA	NA
GNQ	1990	5.987	NA	474274	Africa	NA	NA
GNQ	1995	5.971	NA	571264	Africa	NA	NA
GNQ	2000	5.834	NA	703279	Africa	64.6	1.10719955
GNQ	2005	5.559	NA	947367	Africa	NA	1.29643011
GNQ	2010	5.209	NA	1189085	Africa	NA	1.62134743
GNQ	2015	4.774	NA	1453923	Africa	NA	2.34058237
ETH	1960	6.514	NA	21376693	Africa	NA	NA
ETH	1965	6.63	NA	24310612	Africa	NA	NA
ETH	1970	6.782	NA	27829128	Africa	NA	NA
ETH	1975	7.079	NA	31723252	Africa	NA	NA
ETH	1980	7.287	NA	34428514	Africa	NA	NA
ETH	1985	7.338	NA	39842136	Africa	NA	NA
ETH	1990	7.196	NA	47609755	Africa	NA	NA
ETH	1995	6.998	NA	57537335	Africa	NA	NA
ETH	2000	6.654	NA	67411494	Africa	5.6	4.36504698
ETH	2005	6.194	NA	78367470	Africa	5.7	4.10098124
ETH	2010	5.282	NA	90538514	Africa	NA	5.46637249
ETH	2015	4.529	NA	103867135	Africa	NA	3.82316828
ERI	1995	5.939	NA	2025267	Africa	20.6	NA
ERI	2000	5.397	NA	2247031	Africa	NA	5.76670074
ERI	2005	4.934	NA	2661215	Africa	NA	6.8641758
ERI	2010	4.571	NA	2945186	Africa	34.1	4.81866503
ERI	2015	4.217	NA	3105546	Africa	NA	4.50776815
EST	1995	1.38	11.177	1436634	Europe	99.3	NA
EST	2000	1.36	12.203	1396985	Europe	99.6	5.17029095
EST	2005	1.52	12.363	1354775	Europe	99.7	5.29536009
EST	2010	1.72	12.668	1331475	Europe	99.8	6.59433842
EST	2015	1.58	12.792	1315407	Europe	99.7	6.64135027
FJI	1975	4.104	5.918	575906	Oceania	NA	NA
FJI	1980	4.038	6.845	641975	Oceania	NA	NA
FJI	1985	3.663	7.615	723761	Oceania	NA	NA
FJI	1990	3.386	9.05	773316	Oceania	95.3	NA
FJI	1995	3.251	10.118	798746	Oceania	96.2	NA
FJI	2000	2.992	9.901	840909	Oceania	96.9	3.42441177
FJI	2005	2.917	9.764	882379	Oceania	97.2	3.25656676
FJI	2010	2.696	10.44	910419	Oceania	99.7	3.41664124
FJI	2015	2.567	10.454	918578	Oceania	99.9	3.32468939
FIN	1960	2.72	4.184	4429634	Europe	NA	NA
FIN	1965	2.48	4.932	4563732	Europe	NA	NA
FIN	1970	1.83	5.95	4606307	Europe	NA	NA
FIN	1975	1.68	6.991	4711440	Europe	NA	NA
FIN	1980	1.63	7.924	4779535	Europe	NA	NA
FIN	1985	1.64	7.894	4902206	Europe	NA	NA
FIN	1990	1.78	8.506	4986431	Europe	98.8	NA
FIN	1995	1.81	9.377	5107790	Europe	98.5	NA
FIN	2000	1.73	10.083	5176209	Europe	99.9	7.09253168
FIN	2005	1.8	10.669	5246096	Europe	99.9	8.28795624
FIN	2010	1.87	10.97	5363352	Europe	99.8	9.14202785
FIN	2015	1.65	11.576	5479531	Europe	99.7	9.64523888
FRA	1965	2.84	4.586	49877725	Europe	NA	NA
FRA	1970	2.55	5.194	52007169	Europe	NA	NA
FRA	1975	2.09	5.823	54002853	Europe	NA	NA
FRA	1980	1.85	6.205	55274184	Europe	NA	NA
FRA	1985	1.86	7.185	56665619	Europe	NA	NA
FRA	1990	1.77	8.148	58261012	Europe	NA	NA
FRA	1995	1.74	9.212	59541294	Europe	NA	NA
FRA	2000	1.89	10.105	60918661	Europe	NA	9.58447742
FRA	2005	1.94	10.779	63180854	Europe	97.9	10.2148447
FRA	2010	2.03	11.292	65026211	Europe	97.5	11.22560215
FRA	2015	1.96	10.471	66548272	Europe	97.7	11.43985462
DJI	1980	6.46	NA	325815	Africa	NA	NA
DJI	1985	6.192	NA	402687	Africa	NA	NA
DJI	1990	5.931	NA	579538	Africa	NA	NA
DJI	1995	5.331	NA	633074	Africa	NA	NA
DJI	2000	4.601	NA	747318	Africa	NA	3.39641857
DJI	2005	4.035	NA	839167	Africa	NA	3.80321956
DJI	2010	3.431	NA	930251	Africa	NA	3.35699701
DJI	2015	3.041	NA	1020313	Africa	NA	3.3475771
GAB	1960	4.422	1.471	512316	Africa	NA	NA
GAB	1965	4.785	2.046	546308	Africa	NA	NA
GAB	1970	5.097	2.717	595846	Africa	NA	NA
GAB	1975	5.391	3.818	662197	Africa	NA	NA
GAB	1980	5.664	4.889	748389	Africa	NA	NA
GAB	1985	5.713	5.946	856726	Africa	NA	NA
GAB	1990	5.459	6.746	983734	Africa	NA	NA
GAB	1995	4.884	7.63	1123213	Africa	NA	NA
GAB	2000	4.469	8.435	1275572	Africa	82.6	2.90124774
GAB	2005	4.21	8.981	1463495	Africa	NA	2.93180609
GAB	2010	4.153	9.47	1719879	Africa	NA	2.47556901
GAB	2015	3.921	9.873	2040989	Africa	NA	2.65743947
GEO	1995	1.807	NA	4657722	Asia	NA	NA
GEO	2000	1.609	NA	4077131	Asia	95.5	7.194592
GEO	2005	1.583	NA	3902469	Asia	98.3	8.07734203
GEO	2010	1.973	NA	3786695	Asia	99.6	8.93945503
GEO	2015	2.214	NA	3725276	Asia	99.9	7.29130507
GMB	1965	6.192	0.327	455952	Africa	NA	NA
GMB	1970	6.257	0.355	524105	Africa	NA	NA
GMB	1975	6.428	0.429	606821	Africa	NA	NA
GMB	1980	6.414	0.584	713913	Africa	NA	NA
GMB	1985	6.357	0.781	858874	Africa	NA	NA
GMB	1990	6.246	1.166	1054696	Africa	44.1	NA
GMB	1995	5.994	1.588	1264313	Africa	NA	NA
GMB	2000	5.716	2.001	1455084	Africa	51.6	10.78532791
GMB	2005	5.708	2.64	1667037	Africa	NA	5.386024
GMB	2010	5.558	3.255	1926630	Africa	56.1	4.11944056
GMB	2015	5.003	4.181	2224529	Africa	NA	3.1761291
DEU	1995	1.25	9.608	81678051	Europe	NA	NA
DEU	2000	1.38	10.141	82211508	Europe	98.6	9.88843536
DEU	2005	1.34	11.792	82469422	Europe	98.2	10.31153965
DEU	2010	1.39	12.435	81776930	Europe	96.8	11.09592915
DEU	2015	1.5	12.203	81686611	Europe	97.1	11.19027996
DDR	1960	NA	NA	NA	NA	NA	NA
DDR	1965	NA	NA	NA	NA	NA	NA
DDR	1970	NA	NA	NA	NA	NA	NA
DDR	1975	NA	NA	NA	NA	NA	NA
DDR	1980	NA	NA	NA	NA	NA	NA
DDR	1985	NA	NA	NA	NA	NA	NA
DDR	1990	NA	NA	NA	NA	NA	NA
DEU	1960	2.37	7.394	72814900	Europe	NA	NA
DEU	1965	2.5	7.39	75963695	Europe	NA	NA
DEU	1970	2.03	7.044	78169289	Europe	NA	NA
DEU	1975	1.45	7.042	78673554	Europe	NA	NA
DEU	1980	1.44	7.276	78288576	Europe	NA	NA
DEU	1985	1.37	7.619	77684873	Europe	NA	NA
DEU	1990	1.45	8.737	79433029	Europe	NA	NA
GHA	1960	6.89	0.553	6961215	Africa	NA	NA
GHA	1965	6.88	1.14	7882606	Africa	NA	NA
GHA	1970	6.952	2.214	8925813	Africa	NA	NA
GHA	1975	6.762	2.994	10294308	Africa	NA	NA
GHA	1980	6.474	3.561	11941448	Africa	NA	NA
GHA	1985	6.119	4.027	13661229	Africa	NA	NA
GHA	1990	5.737	4.447	15394648	Africa	NA	NA
GHA	1995	5.106	4.827	17399017	Africa	NA	NA
GHA	2000	4.827	5.507	19637087	Africa	NA	1.7894485
GHA	2005	4.496	6.253	22449438	Africa	NA	3.50288439
GHA	2010	4.181	6.912	25474995	Africa	NA	4.73425055
GHA	2015	3.982	7.488	28696068	Africa	NA	4.5429677999999996
KIR	1980	4.964	NA	61148	Oceania	NA	NA
KIR	1985	4.911	NA	66496	Oceania	NA	NA
KIR	1990	4.668	NA	74855	Oceania	60	NA
KIR	1995	4.419	NA	81234	Oceania	NA	NA
KIR	2000	4.071	NA	88613	Oceania	85	7.77379847
KIR	2005	3.76	NA	98035	Oceania	63	11.36301994
KIR	2010	3.898	NA	108704	Oceania	98.3	8.76666641
KIR	2015	3.438	NA	116815	Oceania	NA	7.21568632
GRC	1960	2.23	6.839	8331725	Europe	NA	NA
GRC	1965	2.25	6.026	8550333	Europe	NA	NA
GRC	1970	2.4	6.136	8792806	Europe	NA	NA
GRC	1975	2.33	6.423	9046541	Europe	NA	NA
GRC	1980	2.23	6.956	9642505	Europe	99.29	NA
GRC	1985	1.67	7.832	9934300	Europe	99.7	NA
GRC	1990	1.39	8.946	10196792	Europe	99.82	NA
GRC	1995	1.28	9.237	10562153	Europe	99.88	NA
GRC	2000	1.25	9.711	10805808	Europe	99.9	7.24332571
GRC	2005	1.34	10.887	10987314	Europe	100	8.56466961
GRC	2010	1.48	11.391	11121341	Europe	100	9.59662342
GRC	2015	1.33	11.21	10820883	Europe	99.9	8.22004509
GRD	1975	3.754	NA	98126	Americas	NA	NA
GRD	1980	3.298	NA	94538	Americas	NA	NA
GRD	1985	3.478	NA	96111	Americas	NA	NA
GRD	1990	3.058	NA	99957	Americas	NA	NA
GRD	1995	2.822	NA	103869	Americas	100	NA
GRD	2000	2.441	NA	107451	Americas	100	5.35886383
GRD	2005	2.242	NA	109734	Americas	100	5.14460278
GRD	2010	2.038	NA	111586	Americas	NA	5.4188118
GRD	2015	1.715	NA	114676	Americas	99	4.64675617
GTM	1960	6.999	1.192	4063655	Americas	NA	NA
GTM	1965	6.839	1.296	4704965	Americas	NA	NA
GTM	1970	6.6	1.549	5396966	Americas	NA	NA
GTM	1975	6.41	1.873	6128731	Americas	NA	NA
GTM	1980	6.171	2.589	6900212	Americas	NA	NA
GTM	1985	5.729	2.897	7849693	Americas	NA	NA
GTM	1990	5.48	3.226	9024773	Americas	NA	NA
GTM	1995	5.105	3.566	10312996	Americas	34.8	NA
GTM	2000	4.583	3.951	11697592	Americas	41.4	5.39686108
GTM	2005	3.974	3.89	13087629	Americas	NA	6.14826393
GTM	2010	3.375	4.865	14500112	Americas	52.3	6.1247797
GTM	2015	3.029	5.407	15971743	Americas	65.5	6.00602007
GIN	1960	6.112	NA	3556749	Africa	NA	NA
GIN	1965	6.178	NA	3890716	Africa	NA	NA
GIN	1970	6.243	NA	4277535	Africa	NA	NA
GIN	1975	6.367	NA	4653876	Africa	NA	NA
GIN	1980	6.459	NA	5047419	Africa	NA	NA
GIN	1985	6.527	NA	5610373	Africa	NA	NA
GIN	1990	6.515	NA	6434374	Africa	NA	NA
GIN	1995	6.288	NA	7553249	Africa	NA	NA
GIN	2000	5.918	NA	8428832	Africa	NA	4.740973
GIN	2005	5.727	NA	9245844	Africa	38	4.03452682
GIN	2010	5.435	NA	10396086	Africa	NA	3.42781734
GIN	2015	5.002	NA	11767070	Africa	NA	5.80919266
GUY	1970	5.411	5.477	702705	Americas	NA	NA
GUY	1975	4.45	5.894	745393	Americas	NA	NA
GUY	1980	3.77	6.493	774367	Americas	NA	NA
GUY	1985	3.47	7.026	771477	Americas	NA	NA
GUY	1990	3.181	7.398	749894	Americas	NA	NA
GUY	1995	3.238	8.248	758388	Americas	93	NA
GUY	2000	3.057	8.96	764832	Americas	82.9	3.18737936
GUY	2005	2.648	9.327	760914	Americas	96.7	3.79409742
GUY	2010	2.684	9.531	749256	Americas	NA	4.21897697
GUY	2015	2.667	9.504	758781	Americas	95.8	4.02264786
HTI	1960	6.178	0.587	3858443	Americas	NA	NA
HTI	1965	6.129	0.707	4223820	Americas	NA	NA
HTI	1970	5.911	0.929	4635124	Americas	NA	NA
HTI	1975	5.748	1.246	5099086	Americas	NA	NA
HTI	1980	5.557	1.701	5614493	Americas	NA	NA
HTI	1985	5.495	2.08	6190862	Americas	NA	NA
HTI	1990	5.414	2.563	6854441	Americas	NA	NA
HTI	1995	4.884	3.024	7562546	Americas	20.6	NA
HTI	2000	4.39	3.312	8303151	Americas	23.8	3.99165702
HTI	2005	3.835	3.805	9061273	Americas	26.1	3.30554652
HTI	2010	3.497	4.175	9803294	Americas	NA	4.54871035
HTI	2015	3.11	4.42	10523242	Americas	NA	5.07518148
HND	1960	7.458	1.772	2062060	Americas	NA	NA
HND	1965	7.442	1.965	2377157	Americas	NA	NA
HND	1970	7.172	2.232	2750715	Americas	NA	NA
HND	1975	6.866	2.64	3193234	Americas	NA	NA
HND	1980	6.418	3.723	3727173	Americas	NA	NA
HND	1985	5.816	4.658	4323342	Americas	NA	NA
HND	1990	5.271	5.098	4980488	Americas	NA	NA
HND	1995	4.835	5.398	5739637	Americas	NA	NA
HND	2000	4.289	5.829	6577773	Americas	NA	6.26817989
HND	2005	3.577	6.276	7478355	Americas	NA	7.50086403
HND	2010	3.078	6.749	8365878	Americas	NA	8.72536373
HND	2015	2.746	7.246	9237305	Americas	72	7.4837904
HUN	1960	2.02	7.333	9983512	Europe	NA	NA
HUN	1965	1.82	7.565	10147935	Europe	NA	NA
HUN	1970	1.98	8.104	10337910	Europe	NA	NA
HUN	1975	2.35	8.604	10540525	Europe	NA	NA
HUN	1980	1.91	9.082	10711122	Europe	NA	NA
HUN	1985	1.85	8.985	10648713	Europe	NA	NA
HUN	1990	1.87	9.188	10373988	Europe	99.4	NA
HUN	1995	1.57	10.591	10328965	Europe	99.4	NA
HUN	2000	1.32	11.515	10210971	Europe	99.5	6.77804327
HUN	2005	1.31	11.89	10087065	Europe	99.6	7.98451281
HUN	2010	1.25	12.035	10000023	Europe	99.1	7.44858313
HUN	2015	1.45	12.076	9797755	Europe	99.6	6.85402203
ISL	1960	4.29	6.237	175574	Europe	NA	NA
ISL	1965	3.73	6.498	192286	Europe	NA	NA
ISL	1970	2.81	7.036	204438	Europe	NA	NA
ISL	1975	2.65	7.555	217979	Europe	NA	NA
ISL	1980	2.48	8.114	228138	Europe	NA	NA
ISL	1985	1.93	8.631	241405	Europe	NA	NA
ISL	1990	2.3	9.243	254826	Europe	100	NA
ISL	1995	2.08	9.956	267468	Europe	99.8	NA
ISL	2000	2.08	9.749	281205	Europe	99.3	8.89924335
ISL	2005	2.05	10.292	296734	Europe	99	8.94694996
ISL	2010	2.2	10.166	318041	Europe	98.2	8.36173058
ISL	2015	1.8	10.302	330815	Europe	98.2	8.13121986
IND	1960	5.921	0.531	435990338	Asia	NA	NA
IND	1965	5.941	0.672	490140146	Asia	NA	NA
IND	1970	5.624	0.874	545864268	Asia	NA	NA
IND	1975	5.195	1.143	611309535	Asia	NA	NA
IND	1980	4.775	1.476	687354025	Asia	NA	NA
IND	1985	4.432	1.915	772647793	Asia	NA	NA
IND	1990	4.045	2.402	864972221	Asia	NA	NA
IND	1995	3.651	2.84	960301044	Asia	NA	NA
IND	2000	3.35	3.629	1057922733	Asia	42.5	4.10568476
IND	2005	2.958	4.424	1154676322	Asia	NA	3.85508275
IND	2010	2.598	5.263	1243481564	Asia	NA	3.33625913
IND	2015	2.289	6.122	1328024498	Asia	NA	3.59565973
IDN	1960	5.505	1.068	88296070	Asia	NA	NA
IDN	1965	5.593	1.563	101365130	Asia	NA	NA
IDN	1970	5.488	2.231	115657495	Asia	NA	NA
IDN	1975	5.032	2.67	131843848	Asia	NA	NA
IDN	1980	4.495	3.139	148950540	Asia	NA	NA
IDN	1985	3.725	3.336	166776185	Asia	NA	NA
IDN	1990	3.114	3.785	183501098	Asia	40.7	NA
IDN	1995	2.809	4.342	199888057	Asia	49.7	NA
IDN	2000	2.503	5.032	216077790	Asia	66.9	1.85297656
IDN	2005	2.452	6.324	230871650	Asia	NA	2.53189397
IDN	2010	2.462	7.682	246305322	Asia	82.2	2.7908783
IDN	2015	2.346	8.417	261799249	Asia	NA	2.92428517
IRN	1960	7.519	0.556	21470434	Asia	NA	NA
IRN	1965	7.222	0.899	25036978	Asia	NA	NA
IRN	1970	6.798	1.38	29145100	Asia	NA	NA
IRN	1975	5.947	2.042	33802973	Asia	NA	NA
IRN	1980	6.63	2.872	39842324	Asia	NA	NA
IRN	1985	6.242	3.674	49582289	Asia	NA	NA
IRN	1990	4.934	4.55	58380092	Asia	NA	NA
IRN	1995	2.852	5.902	62205567	Asia	NA	NA
IRN	2000	1.999	7.154	66418659	Asia	89.6	4.72250843
IRN	2005	1.756	7.942	71828455	Asia	97.3	5.29996157
IRN	2010	1.749	9.041	77420842	Asia	96.4	6.29153061
IRN	2015	2.017	9.217	82619362	Asia	NA	7.53311825
IRQ	1960	5.3	0.22	7022052	Asia	NA	NA
IRQ	1965	7.02	0.418	8202140	Asia	NA	NA
IRQ	1970	7.071	0.796	9735611	Asia	NA	NA
IRQ	1975	6.913	1.179	11543639	Asia	NA	NA
IRQ	1980	6.593	1.726	13591992	Asia	NA	NA
IRQ	1985	6.246	2.603	15683430	Asia	NA	NA
IRQ	1990	5.929	3.641	17581206	Asia	NA	NA
IRQ	1995	5.36	4.234	20825860	Asia	NA	NA
IRQ	2000	4.92	4.96	24424056	Asia	65.2	NA
IRQ	2005	4.446	5.412	28407448	Asia	NA	3.01704645
IRQ	2010	4.457	6.456	31045366	Asia	NA	3.23955345
IRQ	2015	4.08	6.933	37560535	Asia	NA	3.15587044
IRL	1960	3.78	7.148	2828600	Europe	NA	NA
IRL	1965	4.04	7.568	2877300	Europe	NA	NA
IRL	1970	3.85	8.162	2957250	Europe	NA	NA
IRL	1975	3.37	8.909	3189550	Europe	NA	NA
IRL	1980	3.21	9.787	3412800	Europe	NA	NA
IRL	1985	2.48	10.457	3538082	Europe	NA	NA
IRL	1990	2.11	10.756	3513974	Europe	NA	NA
IRL	1995	1.84	10.996	3608841	Europe	NA	NA
IRL	2000	1.89	11.229	3805174	Europe	99.6	5.8990283
IRL	2005	1.86	12.032	4159914	Europe	99.7	7.64242792
IRL	2010	2.05	12.649	4560155	Europe	99.8	10.52404499
IRL	2015	1.85	12.67	4701957	Europe	99.7	7.32119417
ISR	1960	3.866	7.127	2114020	Asia	NA	NA
ISR	1965	3.814	7.685	2563000	Asia	NA	NA
ISR	1970	3.778	8.416	2974000	Asia	NA	NA
ISR	1975	3.554	9.402	3455000	Asia	NA	NA
ISR	1980	3.242	10.26	3878000	Asia	NA	NA
ISR	1985	3.058	10.675	4233000	Asia	NA	NA
ISR	1990	2.824	11.082	4660000	Asia	NA	NA
ISR	1995	2.9	11.592	5545000	Asia	NA	NA
ISR	2000	2.95	11.871	6289000	Asia	NA	6.61731339
ISR	2005	2.84	12.076	6930100	Asia	NA	6.90324974
ISR	2010	3.03	12.686	7623600	Asia	NA	6.88817596
ISR	2015	3.09	12.763	8380100	Asia	NA	7.02217817
ITA	1960	2.4	4.701	50199700	Europe	NA	NA
ITA	1965	2.6	5.057	52112350	Europe	NA	NA
ITA	1970	2.38	5.504	53821850	Europe	NA	NA
ITA	1975	2.17	6.072	55441001	Europe	NA	NA
ITA	1980	1.64	6.747	56433883	Europe	NA	NA
ITA	1985	1.42	7.327	56593071	Europe	NA	NA
ITA	1990	1.33	8.101	56719240	Europe	NA	NA
ITA	1995	1.19	8.881	56844303	Europe	NA	NA
ITA	2000	1.26	9.643	56942108	Europe	99.8	7.56665516
ITA	2005	1.33	10.133	58166682	Europe	99.8	8.33931828
ITA	2010	1.44	10.753	59819407	Europe	99.9	8.91602039
ITA	2015	1.36	11.134	60229605	Europe	99.9	8.85689163
CIV	1965	7.841	0.567	4442377	Africa	NA	NA
CIV	1970	7.936	0.67	5411567	Africa	NA	NA
CIV	1975	7.91	0.843	6776297	Africa	NA	NA
CIV	1980	7.586	1.101	8220714	Africa	NA	NA
CIV	1985	7.273	1.39	10040483	Africa	NA	NA
CIV	1990	6.719	1.727	12189778	Africa	NA	NA
CIV	1995	6.038	2.394	14855565	Africa	NA	NA
CIV	2000	5.773	3.01	17699004	Africa	62.8	4.00220871
CIV	2005	5.499	3.452	20068458	Africa	55.1	3.96639085
CIV	2010	5.292	3.98	22488065	Africa	NA	4.57494831
CIV	2015	4.97	4.054	25246342	Africa	NA	3.2198832
JAM	1965	5.719	4.553	1769192	Americas	NA	NA
JAM	1970	5.349	4.983	1878196	Americas	NA	NA
JAM	1975	4.436	5.616	2018981	Americas	NA	NA
JAM	1980	3.588	6.38	2145658	Americas	NA	NA
JAM	1985	3.212	6.971	2290656	Americas	NA	NA
JAM	1990	2.955	7.619	2379877	Americas	NA	NA
JAM	1995	2.851	8.826	2500151	Americas	NA	NA
JAM	2000	2.345	9.918	2607826	Americas	95.9	5.64462519
JAM	2005	2.148	10.389	2687066	Americas	96.7	4.54581785
JAM	2010	1.799	10.599	2748568	Americas	95.3	5.2951932
JAM	2015	1.508	10.799	2802534	Americas	99.7	5.62470436
JPN	1960	2	7.211	93216000	Asia	NA	NA
JPN	1965	2.14	7.395	97952000	Asia	NA	NA
JPN	1970	2.13	7.92	103403000	Asia	NA	NA
JPN	1975	1.91	8.511	111573000	Asia	NA	NA
JPN	1980	1.75	9.262	116807000	Asia	NA	NA
JPN	1985	1.76	9.922	120837000	Asia	NA	NA
JPN	1990	1.54	10.558	123478000	Asia	99.9	NA
JPN	1995	1.42	11.2	125472000	Asia	99.9	NA
JPN	2000	1.36	11.779	126843000	Asia	99.8	7.03456163
JPN	2005	1.26	12.192	127773000	Asia	99.8	7.65818596
JPN	2010	1.39	12.566	128070000	Asia	99.8	9.0630064
JPN	2015	1.45	13.036	127141000	Asia	99.9	10.74969959
KAZ	1995	2.253	9.863	16730536	Asia	99.6	NA
KAZ	2000	1.898	10.97	15501103	Asia	98.3	4.16032362
KAZ	2005	2.274	11.554	15968117	Asia	99.4	3.90173173
KAZ	2010	2.61	11.37	16836810	Asia	99.4	2.73641348
KAZ	2015	2.755	11.478	18084169	Asia	99.4	3.04051137
JOR	1960	7.599	1.276	853471	Asia	NA	NA
JOR	1965	7.932	1.723	1099440	Asia	NA	NA
JOR	1970	8.181	2.191	1565163	Asia	NA	NA
JOR	1975	7.925	2.778	1899055	Asia	NA	NA
JOR	1980	7.287	3.628	2234186	Asia	NA	NA
JOR	1985	6.534	5.006	2778810	Asia	NA	NA
JOR	1990	5.544	6.085	3621908	Asia	87.3	NA
JOR	1995	4.676	7.02	4752096	Asia	NA	NA
JOR	2000	3.864	8.012	5386945	Asia	NA	9.34367943
JOR	2005	3.653	8.926	6029587	Asia	NA	8.49441624
JOR	2010	3.78	9.632	7297043	Asia	NA	8.17025661
JOR	2015	3.141	10.017	9544729	Asia	NA	7.4609561
KEN	1965	7.923	1.019	9338078	Africa	NA	NA
KEN	1970	7.943	1.46	11368791	Africa	NA	NA
KEN	1975	7.795	1.853	13511671	Africa	NA	NA
KEN	1980	7.531	2.557	16018459	Africa	NA	NA
KEN	1985	6.96	3.32	19201768	Africa	NA	NA
KEN	1990	6.135	4.102	22892651	Africa	NA	NA
KEN	1995	5.372	4.636	26601751	Africa	NA	NA
KEN	2000	5.136	5.103	30642890	Africa	42.6	3.62446713
KEN	2005	4.801	5.764	35796484	Africa	NA	4.2173605
KEN	2010	4.446	5.954	41598567	Africa	NA	5.38849831
KEN	2015	3.766	6.458	47088526	Africa	NA	4.76439571
PRK	1960	3.568	NA	11722953	Asia	NA	NA
PRK	1965	3.556	NA	13219369	Asia	NA	NA
PRK	1970	3.848	NA	15172775	Asia	NA	NA
PRK	1975	3.047	NA	16971055	Asia	NA	NA
PRK	1980	2.841	NA	18236786	Asia	NA	NA
PRK	1985	2.646	NA	19620388	Asia	NA	NA
PRK	1990	2.388	NA	21112137	Asia	NA	NA
PRK	1995	2.146	NA	22669304	Asia	NA	NA
PRK	2000	1.941	NA	23665910	Asia	96.7	NA
PRK	2005	1.872	NA	24396433	Asia	NA	NA
PRK	2010	1.89	NA	24987258	Asia	NA	NA
PRK	2015	1.863	NA	25575350	Asia	NA	NA
KOR	1960	5.994	3.191	25012374	Asia	NA	NA
KOR	1965	4.887	4.523	28704674	Asia	NA	NA
KOR	1970	4.53	5.485	32240827	Asia	NA	NA
KOR	1975	3.43	6.563	35280725	Asia	NA	NA
KOR	1980	2.82	7.689	38123775	Asia	NA	NA
KOR	1985	1.66	8.675	40805744	Asia	NA	NA
KOR	1990	1.57	9.746	42869283	Asia	98	NA
KOR	1995	1.634	10.552	45092991	Asia	NA	NA
KOR	2000	1.48	11.299	47008111	Asia	99.9	3.85544205
KOR	2005	1.085	11.917	48184561	Asia	NA	4.8394208
KOR	2010	1.226	12.646	49554112	Asia	NA	6.02606916
KOR	2015	1.239	12.522	51014947	Asia	100	6.72447348
KWT	1965	7.314	2.17	521174	Asia	NA	NA
KWT	1970	7.025	2.829	809114	Asia	NA	NA
KWT	1975	6.059	3.191	1104863	Asia	NA	NA
KWT	1980	5.184	4.54	1504782	Asia	NA	NA
KWT	1985	4.218	5.75	1894242	Asia	NA	NA
KWT	1990	3.487	6.007	1684819	Asia	NA	NA
KWT	1995	3.248	6.075	1681513	Asia	NA	NA
KWT	2000	2.887	6.36	1954709	Asia	NA	2.20362997
KWT	2005	2.731	6.724	2236788	Asia	98.6	2.013309
KWT	2010	2.044	6.958	2943372	Asia	98.6	2.67879915
KWT	2015	2.03	7.565	3834574	Asia	99.9	4.21497965
KGZ	1995	3.1	9.38	4560454	Asia	98	NA
KGZ	2000	2.4	9.537	4898362	Asia	98.6	4.41414976
KGZ	2005	2.5	10.337	5162640	Asia	97.9	7.45010662
KGZ	2010	3.1	11.016	5467059	Asia	98.3	6.95027161
KGZ	2015	3.2	11.107	6040036	Asia	NA	7.14930916
LAO	1960	6.292	0.789	2121514	Asia	NA	NA
LAO	1965	6.316	0.92	2376200	Asia	NA	NA
LAO	1970	6.31	1.159	2669702	Asia	NA	NA
LAO	1975	6.287	1.468	3005521	Asia	NA	NA
LAO	1980	6.332	1.864	3292573	Asia	NA	NA
LAO	1985	6.328	2.392	3739985	Asia	NA	NA
LAO	1990	6.057	2.793	4311955	Asia	NA	NA
LAO	1995	5.355	3.188	4929409	Asia	NA	NA
LAO	2000	4.429	3.724	5431212	Asia	16.7	4.27513599
LAO	2005	3.685	4.41	5869523	Asia	14.6	3.33673191
LAO	2010	3.137	5.252	6334194	Asia	37	2.91154933
LAO	2015	2.796	5.965	6801645	Asia	NA	2.45366454
LBN	1960	5.877	NA	1794406	Asia	NA	NA
LBN	1965	5.768	NA	2088831	Asia	NA	NA
LBN	1970	5.188	NA	2386114	Asia	NA	NA
LBN	1975	4.521	NA	2693191	Asia	NA	NA
LBN	1980	4.011	NA	2944763	Asia	NA	NA
LBN	1985	3.533	NA	3217376	Asia	NA	NA
LBN	1990	3.268	NA	3595175	Asia	NA	NA
LBN	1995	2.725	NA	3960735	Asia	NA	NA
LBN	2000	2.6	NA	4329340	Asia	99.9	10.82951355
LBN	2005	2.291	NA	4671102	Asia	NA	7.54867649
LBN	2010	2.256	NA	5041288	Asia	NA	7.43864489
LBN	2015	2.382	NA	6472469	Asia	NA	7.41596651
LSO	1970	5.698	4.147	1019273	Africa	NA	NA
LSO	1975	5.825	4.656	1213643	Africa	NA	NA
LSO	1980	5.746	5.092	1406521	Africa	NA	NA
LSO	1985	5.401	5.485	1624379	Africa	NA	NA
LSO	1990	4.813	5.98	1809696	Africa	NA	NA
LSO	1995	4.125	6.566	1951437	Africa	NA	NA
LSO	2000	3.605	7.177	2003913	Africa	48.1	5.15633392
LSO	2005	3.428	7.967	1953076	Africa	55.4	4.67452669
LSO	2010	3.25	6.853	1996251	Africa	NA	7.64083624
LSO	2015	3.217	7.413	2104611	Africa	NA	9.29659843
LVA	1995	1.25	9.941	2485056	Europe	100	NA
LVA	2000	1.25	10.802	2367550	Europe	100	5.43338442
LVA	2005	1.39	11.286	2238799	Europe	100	5.83247328
LVA	2010	1.36	11.698	2097555	Europe	98.8	6.097435
LVA	2015	1.7	12.098	1977527	Europe	99.9	5.65211773
LBR	1960	6.391	0.34	1139522	Africa	NA	NA
LBR	1965	6.617	0.462	1291156	Africa	NA	NA
LBR	1970	6.578	0.59	1466676	Africa	NA	NA
LBR	1975	6.744	0.843	1670913	Africa	NA	NA
LBR	1980	6.872	1.127	1929253	Africa	NA	NA
LBR	1985	6.693	1.45	2240539	Africa	NA	NA
LBR	1990	6.37	1.731	2223667	Africa	NA	NA
LBR	1995	6.173	1.809	2169162	Africa	NA	NA
LBR	2000	5.875	2.138	2928117	Africa	50.9	2.87913179
LBR	2005	5.519	2.576	3301015	Africa	NA	7.14322186
LBR	2010	5.058	3.164	4058890	Africa	NA	10.35444641
LBR	2015	4.523	3.664	4659431	Africa	NA	10.4594965
LBY	1960	7.509	0.086	1492890	Africa	NA	NA
LBY	1965	7.823	0.206	1804015	Africa	NA	NA
LBY	1970	8.048	0.421	2082589	Africa	NA	NA
LBY	1975	7.977	0.897	2571556	Africa	NA	NA
LBY	1980	7.543	2.294	3424378	Africa	NA	NA
LBY	1985	6.328	3.746	3898745	Africa	NA	NA
LBY	1990	4.776	4.79	4445239	Africa	NA	NA
LBY	1995	3.442	5.804	4906843	Africa	94.4	NA
LBY	2000	2.906	7.235	5305021	Africa	NA	3.31908512
LBY	2005	2.765	8.455	5858798	Africa	NA	2.51707149
LBY	2010	2.603	9.418	6497839	Africa	99.9	3.28064442
LBY	2015	2.711	10.593	6531819	Africa	NA	5.80638647
LIE	1960	2.779	NA	16451	Europe	NA	NA
LIE	1965	2.963	NA	19195	Europe	NA	NA
LIE	1970	2.093	NA	21140	Europe	NA	NA
LIE	1975	1.897	NA	23846	Europe	NA	NA
LIE	1980	1.696	NA	25512	Europe	NA	NA
LIE	1985	1.495	NA	26878	Europe	NA	NA
LIE	1990	1.501	NA	28742	Europe	NA	NA
LIE	1995	1.435	NA	30776	Europe	NA	NA
LIE	2000	1.57	NA	32645	Europe	NA	NA
LIE	2005	1.49	NA	34753	Europe	NA	NA
LIE	2010	1.4	NA	36022	Europe	NA	NA
LIE	2015	1.4	NA	37494	Europe	NA	NA
LTU	1995	1.55	10.07	3629102	Europe	100	NA
LTU	2000	1.39	10.399	3499536	Europe	100	6.19950438
LTU	2005	1.29	11.065	3322528	Europe	100	5.64800453
LTU	2010	1.5	11.638	3097282	Europe	100	6.81462288
LTU	2015	1.63	12.01	2911109	Europe	100	6.49043989
LUX	1960	2.29	4.744	313970	Europe	NA	NA
LUX	1965	2.42	5.642	331500	Europe	NA	NA
LUX	1970	1.97	6.634	339171	Europe	NA	NA
LUX	1975	1.55	7.6	358950	Europe	NA	NA
LUX	1980	1.5	8.017	364150	Europe	NA	NA
LUX	1985	1.38	8.335	366706	Europe	NA	NA
LUX	1990	1.6	8.849	381850	Europe	NA	NA
LUX	1995	1.7	9.248	408625	Europe	NA	NA
LUX	2000	1.76	9.67	436300	Europe	NA	5.92533875
LUX	2005	1.63	10.311	465158	Europe	NA	7.12328196
LUX	2010	1.63	11.016	506953	Europe	NA	6.66263008
LUX	2015	1.47	11.924	569604	Europe	NA	5.08113575
MDG	1960	7.343	NA	5111029	Africa	NA	NA
MDG	1965	7.171	NA	5819116	Africa	NA	NA
MDG	1970	7.096	NA	6672003	Africa	NA	NA
MDG	1975	6.971	NA	7739336	Africa	NA	NA
MDG	1980	6.838	NA	9006032	Africa	NA	NA
MDG	1985	6.456	NA	10433142	Africa	NA	NA
MDG	1990	6.14	NA	12055639	Africa	NA	NA
MDG	1995	6.036	NA	14051275	Africa	NA	NA
MDG	2000	5.665	NA	16516338	Africa	47	3.99177623
MDG	2005	5.195	NA	19159707	Africa	NA	5.21557808
MDG	2010	4.896	NA	22183340	Africa	NA	4.69762659
MDG	2015	4.335	NA	25426702	Africa	NA	5.0062542
MWI	1965	7.126	0.84	4096157	Africa	NA	NA
MWI	1970	7.295	1.061	4633944	Africa	NA	NA
MWI	1975	7.359	1.366	5287367	Africa	NA	NA
MWI	1980	7.518	1.881	6265529	Africa	NA	NA
MWI	1985	7.17	2.411	7620508	Africa	NA	NA
MWI	1990	6.74	2.536	9545852	Africa	NA	NA
MWI	1995	6.392	2.603	10150117	Africa	NA	NA
MWI	2000	6.002	2.985	11315942	Africa	55.6	2.35247517
MWI	2005	5.848	4.099	12840031	Africa	56.1	4.30046511
MWI	2010	5.263	4.648	14826463	Africa	71.4	5.14304781
MWI	2015	4.384	5.119	17085587	Africa	NA	6.62879086
MYS	1970	5.035	3.25	10178802	Asia	NA	NA
MYS	1975	4.501	4.146	11471914	Asia	NA	NA
MYS	1980	4.035	5.269	12983363	Asia	NA	NA
MYS	1985	3.804	6.299	15252258	Asia	NA	NA
MYS	1990	3.304	7.479	17833171	Asia	92.8	NA
MYS	1995	3.317	8.229	20330599	Asia	95.1	NA
MYS	2000	2.942	9.151	22967816	Asia	96.6	2.51463366
MYS	2005	2.391	9.937	25836071	Asia	98.1	2.78692698
MYS	2010	2.144	10.738	28655776	Asia	98.6	3.16474271
MYS	2015	2.008	11.364	31232798	Asia	99.4	3.82201481
MDV	1970	7.391	3.694	123219	Asia	NA	NA
MDV	1975	7.321	3.949	143158	Asia	NA	NA
MDV	1980	7.226	4.215	164835	Asia	NA	NA
MDV	1985	6.939	4.553	190169	Asia	NA	NA
MDV	1990	6.13	4.226	224762	Asia	NA	NA
MDV	1995	4.292	4.046	256649	Asia	NA	NA
MDV	2000	2.691	4.416	282019	Asia	NA	7.73655844
MDV	2005	2.199	5.201	306429	Asia	91.6	8.82753372
MDV	2010	2.349	6.3	360792	Asia	98.2	8.48758984
MDV	2015	2.004	7.297	428154	Asia	NA	8.72545815
MLI	1965	7.081	0.137	5815487	Africa	NA	NA
MLI	1970	7.181	0.155	6276472	Africa	NA	NA
MLI	1975	7.253	0.242	6837261	Africa	NA	NA
MLI	1980	7.365	0.382	7530515	Africa	NA	NA
MLI	1985	7.261	0.523	8374663	Africa	NA	NA
MLI	1990	7.311	0.642	9178830	Africa	NA	NA
MLI	1995	7.052	0.763	10185365	Africa	NA	NA
MLI	2000	6.886	0.959	11559290	Africa	NA	5.46631575
MLI	2005	6.708	1.454	13538647	Africa	NA	5.19516516
MLI	2010	6.579	2.245	15945198	Africa	28.1	4.67865133
MLI	2015	6.385	2.634	18593022	Africa	43.7	4.11143351
MLT	1965	2.52	4.555	318800	Europe	NA	NA
MLT	1970	2.03	5.497	302650	Europe	NA	NA
MLT	1975	2.27	6.298	304222	Europe	NA	NA
MLT	1980	1.99	6.932	316645	Europe	NA	NA
MLT	1985	1.95	7.839	336452	Europe	NA	NA
MLT	1990	2.02	8.712	354170	Europe	NA	NA
MLT	1995	1.77	9.752	377419	Europe	NA	NA
MLT	2000	1.68	10.116	390087	Europe	NA	6.57308626
MLT	2005	1.38	10.342	403834	Europe	99.7	8.66396618
MLT	2010	1.36	10.94	414508	Europe	99.8	7.95211124
MLT	2015	1.37	11.811	444220	Europe	99.8	8.89759636
MRT	1965	6.444	1.361	945838	Africa	NA	NA
MRT	1970	6.677	1.429	1099806	Africa	NA	NA
MRT	1975	6.713	1.517	1277330	Africa	NA	NA
MRT	1980	6.671	1.737	1474043	Africa	NA	NA
MRT	1985	6.423	1.934	1702107	Africa	NA	NA
MRT	1990	6.175	2.149	1951878	Africa	NA	NA
MRT	1995	5.962	2.358	2312017	Africa	NA	NA
MRT	2000	5.456	2.651	2613441	Africa	NA	3.37824655
MRT	2005	5.376	3.2	2939059	Africa	NA	3.40312648
MRT	2010	5.384	3.998	3390965	Africa	NA	2.63618922
MRT	2015	5.211	4.454	3965959	Africa	69.3	3.67363763
MUS	1970	3.82	4.035	826000	Africa	NA	NA
MUS	1975	3.197	4.346	892000	Africa	NA	NA
MUS	1980	2.803	4.848	966039	Africa	NA	NA
MUS	1985	2.02	5.488	1020528	Africa	NA	NA
MUS	1990	2.32	6.209	1058775	Africa	91.1	NA
MUS	1995	2.14	6.535	1122457	Africa	98.1	NA
MUS	2000	1.99	6.668	1186873	Africa	99.7	2.85734653
MUS	2005	1.88	7.85	1228254	Africa	99.2	3.51794028
MUS	2010	1.57	9.23	1250400	Africa	99.5	4.51898289
MUS	2015	1.36	9.714	1262879	Africa	99.8	5.55042362
MEX	1960	6.763	2.319	36724615	Americas	NA	NA
MEX	1965	6.819	2.697	43174477	Americas	NA	NA
MEX	1970	6.529	3.262	50814953	Americas	NA	NA
MEX	1975	5.739	3.803	58982400	Americas	NA	NA
MEX	1980	4.739	4.586	67300334	Americas	NA	NA
MEX	1985	4.087	5.517	75043414	Americas	NA	NA
MEX	1990	3.444	6.388	82820170	Americas	83.8	NA
MEX	1995	3.044	7.066	90862455	Americas	NA	NA
MEX	2000	2.714	7.684	98625552	Americas	88.6	4.24436522
MEX	2005	2.495	8.659	105811504	Americas	91.1	5.58110142
MEX	2010	2.34	9.056	113623895	Americas	94.5	5.4897337
MEX	2015	2.137	8.992	121072306	Americas	97.7	5.52738619
MCO	1960	2.812	NA	21808	Europe	NA	NA
MCO	1965	2.66	NA	22941	Europe	NA	NA
MCO	1970	2.5	NA	24229	Europe	NA	NA
MCO	1975	2.351	NA	25500	Europe	NA	NA
MCO	1980	2.244	NA	27122	Europe	NA	NA
MCO	1985	2.141	NA	28731	Europe	NA	NA
MCO	1990	1.848	NA	30358	Europe	NA	NA
MCO	1995	1.783	NA	31609	Europe	NA	NA
MCO	2000	2.082	NA	32455	Europe	NA	3.69517851
MCO	2005	2.006	NA	32210	Europe	NA	4.50320387
MCO	2010	2.385	NA	33163	Europe	NA	4.95791674
MCO	2015	2.503	NA	36757	Europe	NA	4.31544638
MNG	1960	6.817	2.297	977595	Asia	NA	NA
MNG	1965	7.377	2.942	1131177	Asia	NA	NA
MNG	1970	7.314	3.88	1295272	Asia	NA	NA
MNG	1975	7.066	5.264	1488296	Asia	NA	NA
MNG	1980	6.211	6.121	1701335	Asia	NA	NA
MNG	1985	5.262	6.929	1921514	Asia	NA	NA
MNG	1990	4.5	7.76	2098710	Asia	NA	NA
MNG	1995	2.77	8.156	2224945	Asia	NA	NA
MNG	2000	2.2	8.377	2388299	Asia	96.6	6.07605076
MNG	2005	2	9.095	2536407	Asia	99.2	3.86456275
MNG	2010	2.4	9.79	2738622	Asia	98.8	3.73945642
MNG	2015	3	10.171	3026864	Asia	NA	4.23154545
MDA	1995	1.825	9.496	2953200	Europe	100	NA
MDA	2000	1.496	9.908	2924668	Europe	98	5.92687273
MDA	2005	1.528	10.245	2888985	Europe	99.5	9.55814838
MDA	2010	1.703	10.864	2862354	Europe	99.2	10.13112831
MDA	2015	1.87	11.339	2835978	Europe	99.7	8.55763531
MNE	2010	1.7	NA	619428	Europe	NA	NA
MNE	2015	1.7	NA	624651	Europe	NA	9.02188778
MAR	1960	6.887	0.351	11624933	Africa	NA	NA
MAR	1965	6.932	0.463	13239171	Africa	NA	NA
MAR	1970	6.682	0.619	15129449	Africa	NA	NA
MAR	1975	6.299	0.884	17150786	Africa	NA	NA
MAR	1980	5.784	1.24	19459943	Africa	NA	NA
MAR	1985	4.988	1.694	22113953	Africa	NA	NA
MAR	1990	4.06	2.212	24375551	Africa	NA	NA
MAR	1995	3.295	2.723	26399429	Africa	39.6	NA
MAR	2000	2.774	3.163	28423435	Africa	NA	3.69304585
MAR	2005	2.613	3.751	30358144	Africa	NA	4.37350655
MAR	2010	2.629	4.477	32467016	Africa	74.1	5.41861057
MAR	2015	2.406	5.171	34607588	Africa	NA	5.10435581
MOZ	1975	6.659	0.44	9540817	Africa	NA	NA
MOZ	1980	6.53	0.56	11336221	Africa	NA	NA
MOZ	1985	6.43	0.687	12548949	Africa	NA	NA
MOZ	1990	6.319	0.633	13094537	Africa	NA	NA
MOZ	1995	6.019	0.627	15960530	Africa	NA	NA
MOZ	2000	5.83	0.717	18129653	Africa	NA	2.14253044
MOZ	2005	5.5	0.872	20304569	Africa	NA	4.21435642
MOZ	2010	5.66	1.524	22999235	Africa	NA	5.29249668
MOZ	2015	5.245	3.42	26547572	Africa	73	6.60972881
OMN	1960	7.277	NA	530485	Asia	NA	NA
OMN	1965	7.391	NA	585236	Asia	NA	NA
OMN	1970	7.523	NA	662680	Asia	NA	NA
OMN	1975	7.711	NA	778864	Asia	NA	NA
OMN	1980	7.887	NA	1001248	Asia	NA	NA
OMN	1985	7.512	NA	1325480	Asia	NA	NA
OMN	1990	6.456	NA	1763954	Asia	NA	NA
OMN	1995	5.067	NA	2120528	Asia	91.1	NA
OMN	2000	3.852	NA	2282131	Asia	94.7	2.68485427
OMN	2005	3.029	NA	2459802	Asia	98	2.26479053
OMN	2010	2.973	NA	2757446	Asia	98.6	2.47588587
OMN	2015	2.965	NA	4184895	Asia	98.7	4.07826233
NAM	1990	5.398	6.409	1369303	Africa	NA	NA
NAM	1995	4.417	6.339	1602170	Africa	NA	NA
NAM	2000	3.991	6.053	1818647	Africa	75.5	9.23999977
NAM	2005	3.571	6.437	1966582	Africa	NA	10.08441544
NAM	2010	3.657	6.707	2109811	Africa	NA	9.72781372
NAM	2015	3.604	7.234	2374300	Africa	NA	9.98109627
NRU	1970	4.74	NA	6710	Oceania	NA	NA
NRU	1975	3.972	NA	6987	Oceania	NA	NA
NRU	1980	3.878	NA	7649	Oceania	NA	NA
NRU	1985	4.144	NA	8551	Oceania	NA	NA
NRU	1990	4.02	NA	9622	Oceania	NA	NA
NRU	1995	3.808	NA	10165	Oceania	NA	NA
NRU	2000	3.543	NA	10168	Oceania	NA	18.96671295
NRU	2005	3.377	NA	10049	Oceania	NA	10.82081795
NRU	2010	4.019	NA	10043	Oceania	NA	12.69640064
NRU	2015	4.075	NA	10954	Oceania	NA	14.00561714
NPL	1960	6.069	0.028	10123658	Asia	NA	NA
NPL	1965	6.007	0.067	11173411	Asia	NA	NA
NPL	1970	5.869	0.127	12436190	Asia	NA	NA
NPL	1975	5.733	0.181	13870695	Asia	NA	NA
NPL	1980	5.603	0.271	15553105	Asia	NA	NA
NPL	1985	5.457	0.778	17477692	Asia	NA	NA
NPL	1990	5.211	1.347	19524573	Asia	NA	NA
NPL	1995	4.869	1.578	22245439	Asia	NA	NA
NPL	2000	3.984	2.075	24546509	Asia	11.9	3.13292074
NPL	2005	3.115	2.785	26309458	Asia	NA	3.95095325
NPL	2010	2.541	3.736	27341952	Asia	NA	4.36131525
NPL	2015	2.273	4.895	27823629	Asia	NA	5.46615553
NLD	1960	3.12	6.231	11486631	Europe	NA	NA
NLD	1965	3.04	7.306	12294732	Europe	NA	NA
NLD	1970	2.57	8.277	13038526	Europe	NA	NA
NLD	1975	1.66	8.954	13666335	Europe	NA	NA
NLD	1980	1.6	9.524	14149800	Europe	NA	NA
NLD	1985	1.51	9.913	14491632	Europe	NA	NA
NLD	1990	1.62	10.336	14951510	Europe	NA	NA
NLD	1995	1.53	10.659	15459006	Europe	NA	NA
NLD	2000	1.72	10.99	15925513	Europe	NA	7.7069602
NLD	2005	1.71	10.987	16319868	Europe	NA	9.09666824
NLD	2010	1.79	11.62	16615394	Europe	NA	10.15508747
NLD	2015	1.66	11.786	16939923	Europe	NA	10.32393837
VUT	1985	5.433	NA	130356	Oceania	NA	NA
VUT	1990	5.166	NA	148063	Oceania	79	NA
VUT	1995	4.847	NA	167137	Oceania	89.1	NA
VUT	2000	4.537	NA	186281	Oceania	88	3.30683255
VUT	2005	4.133	NA	210760	Oceania	92	3.30528617
VUT	2010	4.126	NA	238248	Oceania	NA	3.52656102
VUT	2015	3.952	NA	266101	Oceania	NA	4.32168293
NZL	1960	4.24	10.029	2371800	Oceania	NA	NA
NZL	1965	3.54	10.078	2628400	Oceania	NA	NA
NZL	1970	3.17	10.966	2810700	Oceania	NA	NA
NZL	1975	2.37	11.801	3083100	Oceania	NA	NA
NZL	1980	2.03	11.56	3112900	Oceania	NA	NA
NZL	1985	1.93	11.573	3247100	Oceania	NA	NA
NZL	1990	2.18	11.494	3329800	Oceania	NA	NA
NZL	1995	1.98	11.802	3673400	Oceania	100	NA
NZL	2000	1.98	12.097	3857700	Oceania	97.3	7.4700222
NZL	2005	1.97	11.909	4133900	Oceania	96.6	8.27334881
NZL	2010	2.17	11.786	4350700	Oceania	96.8	9.59277534
NZL	2015	1.99	11.274	4609400	Oceania	96.3	9.28344345
NIC	1960	7.159	1.644	1782370	Americas	NA	NA
NIC	1965	7.033	1.752	2072681	Americas	NA	NA
NIC	1970	6.773	1.862	2423065	Americas	NA	NA
NIC	1975	6.445	2.131	2816943	Americas	NA	NA
NIC	1980	5.959	2.613	3252403	Americas	NA	NA
NIC	1985	5.359	3.076	3706479	Americas	NA	NA
NIC	1990	4.596	4.141	4162559	Americas	NA	NA
NIC	1995	3.775	4.98	4642931	Americas	NA	NA
NIC	2000	3.12	5.76	5022633	Americas	NA	5.23883677
NIC	2005	2.765	6.554	5342105	Americas	78.6	6.22468948
NIC	2010	2.596	7.108	5737450	Americas	88	7.71019173
NIC	2015	2.434	7.829	6149417	Americas	94	7.96303272
NER	1965	7.466	0.086	4049695	Africa	NA	NA
NER	1970	7.514	0.126	4650275	Africa	NA	NA
NER	1975	7.539	0.178	5317019	Africa	NA	NA
NER	1980	7.782	0.265	6135971	Africa	NA	NA
NER	1985	7.932	0.393	7118457	Africa	NA	NA
NER	1990	7.806	0.549	8286059	Africa	NA	NA
NER	1995	7.776	0.694	9714529	Africa	NA	NA
NER	2000	7.829	0.814	11509630	Africa	15.7	4.69005966
NER	2005	7.769	1.004	13756192	Africa	NA	5.67637587
NER	2010	7.64	1.363	16548835	Africa	NA	5.02160501
NER	2015	7.215	1.819	19939498	Africa	39.7	5.34745932
NGA	1965	6.367	NA	50086764	Africa	NA	NA
NGA	1970	6.466	NA	55893838	Africa	NA	NA
NGA	1975	6.773	NA	63410815	Africa	NA	NA
NGA	1980	6.847	NA	73764641	Africa	NA	NA
NGA	1985	6.616	NA	84897973	Africa	NA	NA
NGA	1990	6.459	NA	97120925	Africa	32	NA
NGA	1995	6.273	NA	110819428	Africa	NA	NA
NGA	2000	6.124	NA	126382494	Africa	NA	3.1973834
NGA	2005	6.063	NA	145017253	Africa	NA	4.46591949
NGA	2010	5.948	NA	166642886	Africa	NA	3.29653287
NGA	2015	5.503	NA	190671878	Africa	NA	3.58194995
NOR	1960	2.85	7.38	3581239	Europe	NA	NA
NOR	1965	2.94	7.779	3723168	Europe	NA	NA
NOR	1970	2.5	8.191	3875763	Europe	NA	NA
NOR	1975	1.98	8.502	4007313	Europe	NA	NA
NOR	1980	1.72	9.074	4085620	Europe	NA	NA
NOR	1985	1.68	9.97	4152516	Europe	NA	NA
NOR	1990	1.93	10.668	4241473	Europe	99.4	NA
NOR	1995	1.87	11.254	4359184	Europe	99.2	NA
NOR	2000	1.85	11.578	4490967	Europe	99	7.70270586
NOR	2005	1.84	12.044	4623291	Europe	99.2	8.29899502
NOR	2010	1.95	11.853	4889252	Europe	99.1	8.8581152
NOR	2015	1.72	12.86	5188607	Europe	99.1	10.06992245
FSM	1990	5.049	NA	100888	Oceania	NA	NA
FSM	1995	4.494	NA	110230	Oceania	NA	NA
FSM	2000	4.217	NA	112044	Oceania	82.8	7.86639547
FSM	2005	3.595	NA	111412	Oceania	82.7	18.02140999
FSM	2010	3.271	NA	107540	Oceania	NA	21.48778725
FSM	2015	3.049	NA	108716	Oceania	NA	12.70485306
MHL	1990	5.97	NA	44629	Oceania	NA	NA
MHL	1995	5.091	NA	48266	Oceania	NA	NA
MHL	2000	4.695	NA	50706	Oceania	NA	13.52467632
MHL	2005	4.276	NA	51906	Oceania	NA	18.45293236
MHL	2010	3.673	NA	52044	Oceania	90	17.84438324
MHL	2015	3.131	NA	48800	Oceania	NA	14.86287594
PLW	1995	2.553	NA	17195	Oceania	100	NA
PLW	2000	1.819	NA	19178	Oceania	100	8.63728905
PLW	2005	2.017	NA	19819	Oceania	NA	8.63174248
PLW	2010	1.937	NA	18396	Oceania	99.6	10.93099976
PLW	2015	2.002	NA	17770	Oceania	100	9.76325321
PAK	1975	6.812	0.942	69461175	Asia	NA	NA
PAK	1980	6.734	1.146	82291010	Asia	NA	NA
PAK	1985	6.585	1.365	98229285	Asia	NA	NA
PAK	1990	6.364	1.698	116155576	Asia	NA	NA
PAK	1995	5.894	2.148	134582253	Asia	NA	NA
PAK	2000	5.352	2.671	154879127	Asia	NA	2.48079324
PAK	2005	4.595	3.701	175453212	Asia	31	2.37323904
PAK	2010	4.398	3.94	199239047	Asia	NA	2.42967653
PAK	2015	3.988	4.911	217290883	Asia	59	2.49493265
PAN	1960	5.829	4.743	1126005	Americas	NA	NA
PAN	1965	5.728	5.11	1308835	Americas	NA	NA
PAN	1970	5.175	5.619	1513070	Americas	NA	NA
PAN	1975	4.414	6.156	1732389	Americas	NA	NA
PAN	1980	3.796	6.923	1957534	Americas	NA	NA
PAN	1985	3.427	7.662	2200915	Americas	NA	NA
PAN	1990	3.072	8.208	2455583	Americas	NA	NA
PAN	1995	2.852	8.807	2724557	Americas	88.3	NA
PAN	2000	2.744	9.414	3010369	Americas	90.5	6.98486614
PAN	2005	2.643	9.712	3313026	Americas	91.1	6.20666599
PAN	2010	2.587	9.987	3628535	Americas	92.7	7.22332573
PAN	2015	2.53	10.338	3960035	Americas	96.3	6.93698502
PNG	1980	5.705	1.644	3131512	Oceania	NA	NA
PNG	1985	5.47	2.023	3478936	Oceania	NA	NA
PNG	1990	5.18	2.462	3896481	Oceania	NA	NA
PNG	1995	4.78	2.777	4644278	Oceania	42	NA
PNG	2000	4.525	2.95	5537064	Oceania	41	2.0184176
PNG	2005	4.22	3.533	6535905	Oceania	NA	2.44874048
PNG	2010	3.883	3.829	7633523	Oceania	NA	2.10756016
PNG	2015	3.558	4.028	8743246	Oceania	NA	1.81881714
PRY	1960	6.5	3.11	1883514	Americas	NA	NA
PRY	1965	6.345	3.466	2125177	Americas	NA	NA
PRY	1970	5.718	4.04	2388028	Americas	NA	NA
PRY	1975	5.177	4.581	2691648	Americas	NA	NA
PRY	1980	5.102	5.146	3053235	Americas	NA	NA
PRY	1985	4.974	5.768	3510671	Americas	NA	NA
PRY	1990	4.565	6.297	4035747	Americas	66	NA
PRY	1995	4.108	6.33	4579806	Americas	NA	NA
PRY	2000	3.508	6.546	5100868	Americas	85	6.01865244
PRY	2005	2.973	7.948	5448097	Americas	87.5	4.82934713
PRY	2010	2.695	8.004	5737971	Americas	95.6	5.46593952
PRY	2015	2.645	8.822	6159103	Americas	96.3	6.69165802
PER	1960	6.941	2.675	10174127	Americas	NA	NA
PER	1965	6.75	3.099	11761085	Americas	NA	NA
PER	1970	6.316	3.765	13501237	Americas	NA	NA
PER	1975	5.709	4.693	15333957	Americas	NA	NA
PER	1980	5.041	5.506	17360949	Americas	NA	NA
PER	1985	4.46	6.199	19648204	Americas	NA	NA
PER	1990	3.912	6.877	22014771	Americas	NA	NA
PER	1995	3.315	7.539	24348919	Americas	NA	NA
PER	2000	2.845	8.537	26598331	Americas	59.3	4.41482639
PER	2005	2.643	9.443	28101180	Americas	NA	4.66598511
PER	2010	2.421	8.887	29086019	Americas	83.8	4.71338701
PER	2015	2.229	9.666	30457600	Americas	91.6	4.92147398
PHL	1960	6.996	3.231	27891897	Asia	NA	NA
PHL	1965	6.799	3.739	32625316	Asia	NA	NA
PHL	1970	6.218	4.595	37622204	Asia	NA	NA
PHL	1975	5.596	5.45	42120826	Asia	NA	NA
PHL	1980	5.108	6.179	48043740	Asia	NA	NA
PHL	1985	4.664	6.651	55213006	Asia	NA	NA
PHL	1990	4.322	7.208	62854666	Asia	NA	NA
PHL	1995	4.067	7.661	70546246	Asia	NA	NA
PHL	2000	3.754	8.118	79625397	Asia	58	3.05512357
PHL	2005	3.448	8.495	88015962	Asia	NA	3.74253035
PHL	2010	3.315	8.946	96337125	Asia	NA	4.13107872
PHL	2015	2.829	9.365	105312992	Asia	NA	3.8982749
POL	1960	2.98	5.935	29637450	Europe	NA	NA
POL	1965	2.52	6.663	31444950	Europe	NA	NA
POL	1970	2.2	7.365	32664300	Europe	NA	NA
POL	1975	2.27	7.941	34015199	Europe	NA	NA
POL	1980	2.28	8.176	35574150	Europe	NA	NA
POL	1985	2.33	8.597	37201885	Europe	NA	NA
POL	1990	2.06	9.59	38110782	Europe	97.8	NA
POL	1995	1.62	10.255	38594998	Europe	99.6	NA
POL	2000	1.37	10.76	38258629	Europe	99.4	5.28789568
POL	2005	1.24	11.446	38165445	Europe	99.3	5.80689144
POL	2010	1.41	11.754	38042794	Europe	99.9	6.46800566
POL	2015	1.32	11.944	37986412	Europe	99.9	6.40416241
PRT	1960	3.16	2.173	8857716	Europe	NA	NA
PRT	1965	3.15	2.181	8998595	Europe	NA	NA
PRT	1970	3.01	2.671	8680431	Europe	NA	NA
PRT	1975	2.75	3.813	9093470	Europe	NA	NA
PRT	1980	2.25	5.028	9766312	Europe	NA	NA
PRT	1985	1.72	5.743	10023613	Europe	NA	NA
PRT	1990	1.56	6.511	9983218	Europe	NA	NA
PRT	1995	1.41	7.408	10026176	Europe	NA	NA
PRT	2000	1.55	8.39	10289898	Europe	99.7	8.60104179
PRT	2005	1.41	8.236	10503330	Europe	NA	9.65306759
PRT	2010	1.39	8.935	10573100	Europe	NA	10.03250504
PRT	2015	1.31	9.818	10358076	Europe	99.9	9.31645775
GNB	1975	6.15	NA	650966	Africa	NA	NA
GNB	1980	6.487	NA	829303	Africa	NA	NA
GNB	1985	6.739	NA	897697	Africa	NA	NA
GNB	1990	6.501	NA	973669	Africa	NA	NA
GNB	1995	6.223	NA	1119949	Africa	25	NA
GNB	2000	5.786	NA	1234741	Africa	31.8	4.18953228
GNB	2005	5.46	NA	1381585	Africa	NA	4.5516243
GNB	2010	5.111	NA	1566347	Africa	43	5.26704073
GNB	2015	4.661	NA	1786457	Africa	NA	8.13228226
TLS	2005	5.611	NA	948311	Asia	NA	5.28044748
TLS	2010	4.816	NA	1084679	Asia	29.3	6.47058821
TLS	2015	3.779	NA	1205131	Asia	NA	7.67216587
QAT	1975	5.861	4.033	193087	Asia	NA	NA
QAT	1980	5.329	4.974	275913	Asia	NA	NA
QAT	1985	4.642	5.773	365940	Asia	NA	NA
QAT	1990	4.23	6.338	440175	Asia	100	NA
QAT	1995	3.557	6.968	514325	Asia	100	NA
QAT	2000	3.073	7.556	644989	Asia	100	1.97258496
QAT	2005	2.635	8.205	825408	Asia	100	2.56300044
QAT	2010	2.137	9.641	1616832	Asia	100	1.87017763
QAT	2015	1.976	10.775	2344557	Asia	99.9	3.63581347
ROU	1960	2.34	4.899	18406905	Europe	NA	NA
ROU	1965	1.91	5.334	19031576	Europe	NA	NA
ROU	1970	2.89	6.224	20250398	Europe	NA	NA
ROU	1975	2.59	7.248	21293583	Europe	NA	NA
ROU	1980	2.43	8.076	22207282	Europe	NA	NA
ROU	1985	2.31	8.8	22732999	Europe	NA	NA
ROU	1990	1.83	9.422	23201835	Europe	99.8	NA
ROU	1995	1.33	10.052	22684270	Europe	99.1	NA
ROU	2000	1.31	10.481	22442971	Europe	99	4.20876169
ROU	2005	1.4	10.762	21319685	Europe	98.1	5.52778196
ROU	2010	1.59	11.179	20246871	Europe	99.5	5.63998747
ROU	2015	1.62	11.371	19815616	Europe	94.3	4.94295502
RUS	1995	1.337	10.799	148375787	Europe	99.1	NA
RUS	2000	1.195	11.578	146596869	Europe	99.2	5.01989794
RUS	2005	1.294	11.835	143518814	Europe	99.4	4.77177477
RUS	2010	1.567	12.099	142849468	Europe	99.7	4.97111797
RUS	2015	1.777	12.132	144640716	Europe	99.7	5.29604387
RWA	1965	8.249	0.407	3423210	Africa	NA	NA
RWA	1970	8.145	0.629	3980669	Africa	NA	NA
RWA	1975	8.096	0.907	4607728	Africa	NA	NA
RWA	1980	8.115	1.19	5353259	Africa	NA	NA
RWA	1985	7.786	1.502	6317228	Africa	NA	NA
RWA	1990	6.803	1.948	7375307	Africa	NA	NA
RWA	1995	6.345	2.657	5674118	Africa	NA	NA
RWA	2000	5.967	3.34	8213931	Africa	31.3	3.57583427
RWA	2005	5.5	3.976	9054528	Africa	38.6	7.72468948
RWA	2010	4.522	4.449	10317553	Africa	69	8.08192921
RWA	2015	4.108	5.278	11640022	Africa	90.7	6.65067434
KNA	1985	2.82	NA	41874	Americas	NA	NA
KNA	1990	2.725	NA	40432	Americas	NA	NA
KNA	1995	2.304	NA	42326	Americas	100	NA
KNA	2000	2.126	NA	45248	Americas	99.4	4.79933786
KNA	2005	1.931	NA	46437	Americas	100	4.72803831
KNA	2010	1.762	NA	46846	Americas	100	5.2136941
KNA	2015	1.643	NA	47087	Americas	100	5.12590599
LCA	1980	4.412	NA	119290	Americas	NA	NA
LCA	1985	3.97	NA	129159	Americas	NA	NA
LCA	1990	3.238	NA	137857	Americas	NA	NA
LCA	1995	3.026	NA	148208	Americas	100	NA
LCA	2000	2.207	NA	158616	Americas	100	4.86549902
LCA	2005	1.807	NA	165450	Americas	100	4.86039829
LCA	2010	1.673	NA	170906	Americas	98.5	5.12090254
LCA	2015	1.473	NA	174905	Americas	99.1	4.51419878
VCT	1980	3.923	NA	104213	Americas	NA	NA
VCT	1985	3.081	NA	108506	Americas	NA	NA
VCT	1990	2.731	NA	111812	Americas	NA	NA
VCT	1995	2.609	NA	113047	Americas	100	NA
VCT	2000	2.306	NA	113545	Americas	100	3.97939277
VCT	2005	2.068	NA	112450	Americas	100	3.83165979
VCT	2010	2.144	NA	109959	Americas	98.3	4.30325222
VCT	2015	2.133	NA	106960	Americas	98.7	4.11412001
SMR	1960	2.428	NA	15428	Europe	NA	NA
SMR	1965	2.334	NA	17305	Europe	NA	NA
SMR	1970	2.316	NA	18168	Europe	NA	NA
SMR	1975	2.053	NA	19046	Europe	NA	NA
SMR	1980	1.525	NA	21585	Europe	NA	NA
SMR	1985	1.17	NA	22485	Europe	NA	NA
SMR	1990	1.162	NA	23475	Europe	NA	NA
SMR	1995	1.166	NA	25158	Europe	NA	NA
SMR	2000	1.404	NA	26799	Europe	NA	5.7876792
SMR	2005	1.198	NA	29836	Europe	NA	4.88683653
SMR	2010	1.459	NA	33270	Europe	NA	6.20853519
SMR	2015	1.196	NA	32897	Europe	NA	8.43315315
STP	1975	6.534	NA	86708	Africa	NA	NA
STP	1980	6.386	NA	98544	Africa	NA	NA
STP	1985	6.101	NA	108658	Africa	NA	NA
STP	1990	5.828	NA	122980	Africa	NA	NA
STP	1995	5.554	NA	134895	Africa	NA	NA
STP	2000	5.157	NA	144018	Africa	78.6	9.31892776
STP	2005	4.939	NA	161639	Africa	NA	10.35199738
STP	2010	4.769	NA	181802	Africa	NA	5.80827904
STP	2015	4.354	NA	200291	Africa	NA	6.53226852
SAU	1960	7.626	1.313	2435403	Asia	NA	NA
SAU	1965	7.658	1.602	2928771	Asia	NA	NA
SAU	1970	7.583	1.662	3562470	Asia	NA	NA
SAU	1975	7.37	2.164	4556287	Asia	NA	NA
SAU	1980	7.145	2.578	6047997	Asia	NA	NA
SAU	1985	6.649	3.63	8151779	Asia	NA	NA
SAU	1990	5.804	4.707	10640691	Asia	88	NA
SAU	1995	4.986	5.38	13289245	Asia	91.4	NA
SAU	2000	4.206	6.486	16177722	Asia	91	4.2116060299999996
SAU	2005	3.161	7.494	20559890	Asia	96	3.41868114
SAU	2010	2.81	7.839	23978487	Asia	97	3.64786696
SAU	2015	2.63	9.572	29816382	Asia	98	5.86202717
SEN	1965	7.19	1.32	3849788	Africa	NA	NA
SEN	1970	7.262	1.49	4466328	Africa	NA	NA
SEN	1975	7.252	1.663	5170810	Africa	NA	NA
SEN	1980	7.292	1.713	5845638	Africa	NA	NA
SEN	1985	7.013	1.684	6683287	Africa	NA	NA
SEN	1990	6.396	1.643	7720523	Africa	NA	NA
SEN	1995	5.819	1.594	8848101	Africa	NA	NA
SEN	2000	5.498	1.45	9968260	Africa	57.8	3.55015373
SEN	2005	5.133	1.246	11235472	Africa	51.9	3.67466521
SEN	2010	5.055	2.542	12635413	Africa	NA	4.02764368
SEN	2015	4.751	2.831	14593331	Africa	53.2	4.37789631
SRB	2010	1.4	11.514	7291436	Europe	99.7	9.5273037
SRB	2015	1.46	11.622	7095383	Europe	NA	8.8132
SYC	1980	3.79	NA	63261	Africa	NA	NA
SYC	1985	3.091	NA	65244	Africa	NA	NA
SYC	1990	2.607	NA	69507	Africa	98	NA
SYC	1995	2.361	NA	75304	Africa	99	NA
SYC	2000	2.08	NA	81131	Africa	99	4.61071777
SYC	2005	2.2	NA	82858	Africa	99	5.21991158
SYC	2010	2.16	NA	89770	Africa	99	5.35168219
SYC	2015	2.31	NA	93419	Africa	NA	4.30914021
SLE	1965	6.311	0.388	2468666	Africa	NA	NA
SLE	1970	6.411	0.492	2712286	Africa	NA	NA
SLE	1975	6.546	0.668	2974657	Africa	NA	NA
SLE	1980	6.562	0.871	3272089	Africa	NA	NA
SLE	1985	6.592	1.117	3638438	Africa	NA	NA
SLE	1990	6.567	1.453	4196828	Africa	NA	NA
SLE	1995	6.555	1.734	4179179	Africa	NA	NA
SLE	2000	6.355	2.043	4423611	Africa	37.1	8.48961735
SLE	2005	5.807	2.465	5501712	Africa	40	9.04395866
SLE	2010	5.327	3.389	6222714	Africa	60.8	9.12688351
SLE	2015	4.548	3.563	7037655	Africa	NA	19.65816307
SGP	1970	3.07	4.403	2074507	Asia	NA	NA
SGP	1975	2.07	4.586	2262600	Asia	NA	NA
SGP	1980	1.82	5.015	2413945	Asia	NA	NA
SGP	1985	1.61	5.881	2735957	Asia	NA	NA
SGP	1990	1.83	6.734	3047132	Asia	NA	NA
SGP	1995	1.67	8.16	3524506	Asia	NA	NA
SGP	2000	1.6	9.625	4027887	Asia	99.7	3.343364
SGP	2005	1.26	9.406	4265762	Asia	99.7	3.03367925
SGP	2010	1.15	11.338	5076732	Asia	99.7	3.1982615
SGP	2015	1.24	12.742	5535002	Asia	99.7	4.18061399
SVK	1995	1.52	11.307	5361999	Europe	100	NA
SVK	2000	1.3	11.54	5388720	Europe	100	5.30256939
SVK	2005	1.27	11.48	5372807	Europe	99.5	6.58870029
SVK	2010	1.43	11.76	5391428	Europe	99.2	7.66638851
SVK	2015	1.4	12.128	5423801	Europe	97	6.76215172
VNM	1980	4.795	4.702	52490101	Asia	NA	NA
VNM	1985	4.206	4.382	59060622	Asia	NA	NA
VNM	1990	3.602	4.029	65504552	Asia	NA	NA
VNM	1995	2.7	4.756	72049940	Asia	NA	NA
VNM	2000	2.028	5.564	77154011	Asia	58.8	4.10752726
VNM	2005	1.887	6.269	81088313	Asia	NA	4.31821251
VNM	2010	1.906	6.979	87455152	Asia	NA	5.07146072
VNM	2015	2.1	7.45	92823254	Asia	NA	4.71140909
SVN	1995	1.29	11.177	1989872	Europe	99.9	NA
SVN	2000	1.26	11.564	1988925	Europe	99.9	7.80406952
SVN	2005	1.26	11.956	2000474	Europe	99.9	7.99595737
SVN	2010	1.57	12.24	2048583	Europe	99.9	8.56503296
SVN	2015	1.57	12.333	2063531	Europe	NA	8.49823952
SOM	1965	7.261	NA	3277874	Africa	NA	NA
SOM	1970	7.182	NA	3738448	Africa	NA	NA
SOM	1975	7.033	NA	4257535	Africa	NA	NA
SOM	1980	7.178	NA	5936154	Africa	NA	NA
SOM	1985	7.327	NA	6693289	Africa	NA	NA
SOM	1990	7.44	NA	7082811	Africa	NA	NA
SOM	1995	7.581	NA	7285007	Africa	NA	NA
SOM	2000	7.645	NA	8838713	Africa	19.3	NA
SOM	2005	7.527	NA	10644228	Africa	NA	NA
SOM	2010	7.322	NA	12261756	Africa	NA	NA
SOM	2015	6.975	NA	13806963	Africa	NA	2.84291959
ZAF	1960	6.105	4.498	16440172	Africa	NA	NA
ZAF	1965	5.892	4.55	19089380	Africa	NA	NA
ZAF	1970	5.634	4.696	22279984	Africa	NA	NA
ZAF	1975	5.191	4.815	25690940	Africa	NA	NA
ZAF	1980	4.78	4.935	29518857	Africa	NA	NA
ZAF	1985	4.495	5.128	35042093	Africa	NA	NA
ZAF	1990	3.724	6.791	40746268	Africa	NA	NA
ZAF	1995	3.172	8.409	44541554	Africa	82	NA
ZAF	2000	2.413	7.861	47159719	Africa	NA	7.3366189
ZAF	2005	2.512	8.915	49490033	Africa	NA	6.86216164
ZAF	2010	2.445	9.873	52344051	Africa	NA	7.79358244
ZAF	2015	2.359	10.258	56723537	Africa	NA	8.05304241
ZWE	1960	NA	NA	NA	Africa	NA	NA
ZWE	1965	NA	NA	NA	Africa	NA	NA
ZWE	1970	6.982	2.744	5215918	Africa	NA	NA
ZWE	1975	6.832	3.008	6098658	Africa	NA	NA
ZWE	1980	6.517	3.442	7041303	Africa	NA	NA
ZWE	1985	5.871	4.054	8686813	Africa	NA	NA
ZWE	1990	4.876	5.229	10137281	Africa	NA	NA
ZWE	1995	4.153	6.201	10974599	Africa	NA	NA
ZWE	2000	4.009	6.77	11892055	Africa	NA	NA
ZWE	2005	3.693	7.32	12483432	Africa	NA	NA
ZWE	2010	4.04	7.683	13356548	Africa	NA	10.47583866
ZWE	2015	3.911	7.811	14399013	Africa	78.1	7.44982719
YMD	1970	NA	NA	NA	NA	NA	NA
YMD	1975	NA	NA	NA	NA	NA	NA
YMD	1980	NA	NA	NA	NA	NA	NA
YMD	1985	NA	NA	NA	NA	NA	NA
ESP	1960	2.86	3.982	30455000	Europe	NA	NA
ESP	1965	2.94	4.254	31954292	Europe	NA	NA
ESP	1970	2.84	4.867	33814531	Europe	NA	NA
ESP	1975	2.77	5.707	35757900	Europe	NA	NA
ESP	1980	2.22	6.826	37491165	Europe	NA	NA
ESP	1985	1.64	6.91	38469512	Europe	NA	NA
ESP	1990	1.36	7.276	38867322	Europe	NA	NA
ESP	1995	1.16	8.593	39724050	Europe	NA	NA
ESP	2000	1.22	9.646	40567864	Europe	NA	6.7992177
ESP	2005	1.33	10.694	43653155	Europe	NA	7.73974037
ESP	2010	1.37	10.851	46576897	Europe	NA	9.1189127
ESP	2015	1.33	11.103	46422303	Europe	99.9	9.12383366
SSD	2015	4.695	NA	11107561	Africa	NA	NA
SDN	2015	NA	NA	NA	Africa	NA	NA
SDN	1960	6.663	0.16	8364489	Africa	NA	NA
SDN	1965	6.84	0.235	9858030	Africa	NA	NA
SDN	1970	6.986	0.333	11695771	Africa	NA	NA
SDN	1975	6.866	0.51	14064798	Africa	NA	NA
SDN	1980	6.592	0.804	17058905	Africa	NA	NA
SDN	1985	6.279	1.277	19905872	Africa	NA	NA
SDN	1990	6.074	1.752	22021481	Africa	68.5	NA
SDN	1995	5.856	2.143	24672143	Africa	NA	NA
SDN	2000	5.596	2.498	27816745	Africa	NA	3.60664487
SDN	2005	5.397	2.781	31262444	Africa	NA	4.09418154
SDN	2010	5.141	3.026	35414399	Africa	72.5	5.05810165
SUR	1980	3.791	NA	375377	Americas	NA	NA
SUR	1985	3.711	NA	386972	Americas	NA	NA
SUR	1990	3.225	NA	412493	Americas	NA	NA
SUR	1995	2.897	NA	429606	Americas	80	NA
SUR	2000	3.046	NA	476643	Americas	70.9	5.87092161
SUR	2005	2.712	NA	519313	Americas	NA	5.2439642
SUR	2010	2.688	NA	549923	Americas	90	4.6978569
SUR	2015	2.57	NA	581627	Americas	90	5.80808163
SWZ	1970	6.749	2.752	441216	Africa	NA	NA
SWZ	1975	6.707	3.597	507673	Africa	NA	NA
SWZ	1980	6.574	4.719	596644	Africa	NA	NA
SWZ	1985	6.282	5.651	706196	Africa	NA	NA
SWZ	1990	5.295	5.537	872428	Africa	NA	NA
SWZ	1995	4.523	5.372	970433	Africa	NA	NA
SWZ	2000	4.03	4.708	1041414	Africa	65.4	4.60951757
SWZ	2005	3.704	4.65	1079022	Africa	NA	7.37623358
SWZ	2010	3.375	5.417	1111650	Africa	82	8.5912571
SWZ	2015	3.122	5.86	1142813	Africa	NA	7.05855274
SWE	1960	2.17	7.549	7484656	Europe	NA	NA
SWE	1965	2.39	8.065	7733853	Europe	NA	NA
SWE	1970	1.92	8.473	8042801	Europe	NA	NA
SWE	1975	1.77	9.415	8192437	Europe	NA	NA
SWE	1980	1.68	10.135	8310531	Europe	NA	NA
SWE	1985	1.74	10.634	8350386	Europe	NA	NA
SWE	1990	2.13	11.102	8558835	Europe	NA	NA
SWE	1995	1.73	11.561	8826939	Europe	NA	NA
SWE	2000	1.54	11.927	8872109	Europe	NA	7.32689953
SWE	2005	1.77	12.103	9029572	Europe	NA	8.1508379
SWE	2010	1.98	12.197	9378126	Europe	NA	8.31963825
SWE	2015	1.85	12.286	9799186	Europe	NA	10.80418396
CHE	1960	2.44	8.807	5327827	Europe	NA	NA
CHE	1965	2.59	9.17	5856472	Europe	NA	NA
CHE	1970	2.1	9.511	6180877	Europe	NA	NA
CHE	1975	1.61	10.061	6338632	Europe	NA	NA
CHE	1980	1.55	10.762	6319408	Europe	NA	NA
CHE	1985	1.52	10.061	6470365	Europe	NA	NA
CHE	1990	1.58	9.88	6715519	Europe	NA	NA
CHE	1995	1.48	9.763	7040687	Europe	NA	NA
CHE	2000	1.5	9.594	7184250	Europe	NA	9.13442421
CHE	2005	1.42	10.414	7437115	Europe	NA	10.05823421
CHE	2010	1.52	12.67	7824909	Europe	NA	10.00535202
CHE	2015	1.54	11.972	8282396	Europe	NA	11.00444603
SYR	1960	7.505	0.584	4673500	Asia	NA	NA
SYR	1965	7.532	0.74	5435267	Asia	NA	NA
SYR	1970	7.621	1.087	6380609	Asia	NA	NA
SYR	1975	7.486	1.607	7554364	Asia	NA	NA
SYR	1980	7.119	2.339	8957663	Asia	NA	NA
SYR	1985	6.484	3.15	10625672	Asia	NA	NA
SYR	1990	5.561	3.737	12579208	Asia	NA	NA
SYR	1995	4.697	4.075	14616801	Asia	NA	NA
SYR	2000	4.068	4.371	16637888	Asia	NA	4.55400705
SYR	2005	3.605	5.594	18814091	Asia	NA	4.10970068
SYR	2010	3.355	6.477	22482421	Asia	NA	3.22704148
SYR	2015	3.067	7.053	19424618	Asia	NA	3.47905326
TJK	1995	4.664	10.495	5948584	Asia	80.9	NA
TJK	2000	3.49	10.626	6284735	Asia	70.7	4.26492405
TJK	2005	3.398	10.757	6924720	Asia	82.4	5.21024704
TJK	2010	3.457	10.777	7652141	Asia	87.7	5.73543453
TJK	2015	3.459	10.658	8643840	Asia	98	6.90735912
THA	1960	6.325	2.231	26851747	Asia	NA	NA
THA	1965	6.258	2.012	31149337	Asia	NA	NA
THA	1970	5.452	2.407	35954408	Asia	NA	NA
THA	1975	4.364	2.904	40940005	Asia	NA	NA
THA	1980	3.293	3.585	45650022	Asia	NA	NA
THA	1985	2.45	4.203	50270753	Asia	NA	NA
THA	1990	2.065	5.023	54738329	Asia	NA	NA
THA	1995	1.888	5.477	59098232	Asia	NA	NA
THA	2000	1.734	5.892	63007815	Asia	99.3	3.10125351
THA	2005	1.644	7.3	66017420	Asia	NA	3.15972233
THA	2010	1.562	8.454	68579447	Asia	NA	3.39009809
THA	2015	1.451	8.717	70540795	Asia	NA	3.8522861
TGO	1960	6.797	0.187	1673110	Africa	NA	NA
TGO	1965	6.937	0.249	1853771	Africa	NA	NA
TGO	1970	7.035	0.404	2244773	Africa	NA	NA
TGO	1975	7.088	1.013	2574622	Africa	NA	NA
TGO	1980	6.876	1.644	2920894	Africa	NA	NA
TGO	1985	6.457	2.151	3441091	Africa	NA	NA
TGO	1990	6.067	2.722	3998761	Africa	NA	NA
TGO	1995	5.565	3.092	4410832	Africa	NA	NA
TGO	2000	5.165	3.492	5140037	Africa	35.4	2.7167244
TGO	2005	5.038	3.988	5844631	Africa	NA	3.22045183
TGO	2010	5.087	4.753	6732590	Africa	43.9	4.33284378
TGO	2015	4.662	5.768	7663195	Africa	NA	6.21763563
TON	1970	6.071	6.897	84401	Oceania	NA	NA
TON	1975	5.746	7.467	93017	Oceania	NA	NA
TON	1980	5.599	7.884	97769	Oceania	NA	NA
TON	1985	5.344	7.781	97984	Oceania	NA	NA
TON	1990	4.929	8.608	99700	Oceania	94	NA
TON	1995	4.563	9.458	100225	Oceania	NA	NA
TON	2000	4.159	9.549	102677	Oceania	95	2.90389204
TON	2005	4.195	9.568	105671	Oceania	96.1	4.38560247
TON	2010	3.879	11.292	107400	Oceania	99	4.81632328
TON	2015	3.54	11.425	106095	Oceania	NA	4.66762066
TTO	1965	4.88	5.839	928425	Americas	NA	NA
TTO	1970	3.709	6.328	991471	Americas	NA	NA
TTO	1975	3.214	6.897	1053469	Americas	NA	NA
TTO	1980	3.145	7.59	1121744	Americas	NA	NA
TTO	1985	2.988	8.106	1187366	Americas	NA	NA
TTO	1990	2.394	8.654	1252208	Americas	NA	NA
TTO	1995	1.967	9.212	1295169	Americas	97.5	NA
TTO	2000	1.732	9.759	1319774	Americas	96	4.23492479
TTO	2005	1.625	10.341	1294494	Americas	NA	4.43451166
TTO	2010	1.614	11.029	1317714	Americas	NA	5.08042908
TTO	2015	1.598	11.29	1349667	Americas	100	5.61370945
ARE	1975	6.353	2.773	542856	Asia	NA	NA
ARE	1980	5.953	4.083	1015700	Asia	NA	NA
ARE	1985	5.125	5.405	1377911	Asia	NA	NA
ARE	1990	4.506	6.632	1898220	Asia	99.1	NA
ARE	1995	3.278	8.212	2434662	Asia	99.2	NA
ARE	2000	2.733	9.257	3493575	Asia	NA	2.39504457
ARE	2005	2.232	9.994	4664790	Asia	NA	2.3202107
ARE	2010	1.565	10.139	6869838	Asia	NA	3.74433136
ARE	2015	1.417	11.358	8505237	Asia	99.9	3.46609354
TUN	1960	7.157	0.442	4267288	Africa	NA	NA
TUN	1965	7.113	0.724	4561385	Africa	NA	NA
TUN	1970	6.426	1.101	5131396	Africa	NA	NA
TUN	1975	5.972	1.711	5839262	Africa	NA	NA
TUN	1980	5.033	2.321	6606195	Africa	NA	NA
TUN	1985	4.521	2.758	7409903	Africa	NA	NA
TUN	1990	3.441	3.533	8324509	Africa	NA	NA
TUN	1995	2.67	4.412	9161258	Africa	81	NA
TUN	2000	2.025	5.367	9764935	Africa	89.9	4.81271935
TUN	2005	1.953	6.426	10255472	Africa	NA	5.14555788
TUN	2010	2.075	7.445	10765980	Africa	NA	5.60950756
TUN	2015	2.306	7.959	11402264	Africa	NA	6.21339941
TUR	1960	6.383	1.098	28329898	Asia	NA	NA
TUR	1965	6.22	1.31	32345220	Asia	NA	NA
TUR	1970	5.775	1.581	36638465	Asia	NA	NA
TUR	1975	5.087	2.169	41053126	Asia	NA	NA
TUR	1980	4.453	2.727	45408815	Asia	NA	NA
TUR	1985	3.779	3.762	50687115	Asia	NA	NA
TUR	1990	3.107	4.15	56015628	Asia	NA	NA
TUR	1995	2.835	4.747	61024503	Asia	NA	NA
TUR	2000	2.487	5.401	65425961	Asia	NA	4.59957218
TUR	2005	2.197	5.973	69329557	Asia	NA	4.89389706
TUR	2010	2.08	6.774	73142150	Asia	NA	5.02053452
TUR	2015	2.16	7.28	78218479	Asia	99	4.11690426
TKM	1995	3.491	NA	4191203	Asia	NA	NA
TKM	2000	2.9	NA	4582677	Asia	97.2	4.03080034
TKM	2005	2.706	NA	5052257	Asia	99.7	5.58886814
TKM	2010	2.848	NA	5564356	Asia	NA	3.20879436
TKM	2015	3.033	NA	6215770	Asia	NA	5.01652908
TUV	1980	3.73	NA	7366	Oceania	NA	NA
TUV	1985	3.973	NA	8046	Oceania	NA	NA
TUV	1990	3.75	NA	8798	Oceania	95	NA
TUV	1995	3.963	NA	9280	Oceania	NA	NA
TUV	2000	3.841	NA	9544	Oceania	100	22.2817421
TUV	2005	3.546	NA	9940	Oceania	NA	10.02975655
TUV	2010	3.442	NA	10614	Oceania	NA	15.37378216
TUV	2015	3.308	NA	10963	Oceania	NA	13.38872242
UGA	1965	7.042	0.676	8849203	Africa	NA	NA
UGA	1970	7.149	0.898	10321603	Africa	NA	NA
UGA	1975	7.201	1.226	11725240	Africa	NA	NA
UGA	1980	7.113	1.604	13275741	Africa	NA	NA
UGA	1985	7.037	2.123	15023681	Africa	NA	NA
UGA	1990	7.014	2.92	17569897	Africa	NA	NA
UGA	1995	6.871	3.323	20665667	Africa	37.8	NA
UGA	2000	6.788	3.872	24000150	Africa	36	5.0827446
UGA	2005	6.525	4.526	27963289	Africa	NA	5.80516291
UGA	2010	6.019	5.411	32390802	Africa	NA	6.80890226
UGA	2015	5.251	5.26	37531446	Africa	NA	4.99643135
UKR	1995	1.399	10.81	51665539	Europe	99.89	NA
UKR	2000	1.108	11.46	49556660	Europe	99.9	5.30685186
UKR	2005	1.221	11.667	47585556	Europe	99.8	6.3461585
UKR	2010	1.436	11.7	46456003	Europe	99.9	6.81387615
UKR	2015	1.387	11.735	45784896	Europe	NA	7.78352833
MKD	1995	2.13	NA	1998534	Europe	94.1	NA
MKD	2000	1.863	NA	2026350	Europe	97.7	8.86991501
MKD	2005	1.5	NA	2005330	Europe	99.1	7.67907524
MKD	2010	1.6	NA	1946298	Europe	99.9	6.71369696
MKD	2015	1.49	NA	1912430	Europe	99.9	6.34227896
SUN	1960	NA	NA	NA	NA	NA	NA
SUN	1965	NA	NA	NA	NA	NA	NA
SUN	1970	NA	NA	NA	NA	NA	NA
SUN	1975	NA	NA	NA	NA	NA	NA
SUN	1980	NA	NA	NA	NA	NA	NA
SUN	1985	NA	NA	NA	NA	NA	NA
SUN	1990	NA	NA	NA	NA	NA	NA
EGY	1960	6.793	0.354	26896479	Africa	NA	NA
EGY	1965	6.387	0.549	30629174	Africa	NA	NA
EGY	1970	6.059	0.774	34623990	Africa	NA	NA
EGY	1975	5.749	1.129	38875327	Africa	NA	NA
EGY	1980	5.494	1.786	43950413	Africa	NA	NA
EGY	1985	5.116	2.837	50734968	Africa	NA	NA
EGY	1990	4.512	3.627	58396618	Africa	NA	NA
EGY	1995	3.764	4.537	65652622	Africa	46.2	NA
EGY	2000	3.505	5.473	73083284	Africa	60.9	4.92244291
EGY	2005	3.254	6.097	81101004	Africa	74.2	4.92229176
EGY	2010	3.296	6.065	89196072	Africa	NA	4.15319157
EGY	2015	3.5	6.461	99597342	Africa	NA	5.06153202
GBR	1960	2.69	7.104	52400000	Europe	NA	NA
GBR	1965	2.86	7.683	54348050	Europe	NA	NA
GBR	1970	2.44	8.018	55663250	Europe	NA	NA
GBR	1975	1.81	8.27	56225800	Europe	NA	NA
GBR	1980	1.9	8.625	56314216	Europe	NA	NA
GBR	1985	1.79	8.991	56550268	Europe	NA	NA
GBR	1990	1.83	9.297	57247586	Europe	NA	NA
GBR	1995	1.71	9.669	58019030	Europe	NA	NA
GBR	2000	1.64	10.005	58892514	Europe	NA	7.15692902
GBR	2005	1.76	11.534	60401206	Europe	NA	8.39430904
GBR	2010	1.92	12.383	62766365	Europe	NA	9.78937912
GBR	2015	1.8	12.861	65088000	Europe	NA	9.83625221
TZA	1965	6.727	0.979	11470728	Africa	NA	NA
TZA	1970	7.001	1.36	13492677	Africa	NA	NA
TZA	1975	7.101	1.638	16138361	Africa	NA	NA
TZA	1980	6.991	2.312	19189769	Africa	NA	NA
TZA	1985	6.598	2.938	22501693	Africa	NA	NA
TZA	1990	6.201	3.558	26110207	Africa	NA	NA
TZA	1995	5.822	3.917	30383497	Africa	NA	NA
TZA	2000	5.67	4.354	34260139	Africa	NA	3.41529942
TZA	2005	5.579	4.872	39182076	Africa	43.4	6.32282543
TZA	2010	5.225	5.726	44758488	Africa	48.9	5.22392178
TZA	2015	5.025	6.194	52020962	Africa	NA	3.64969945
USA	1960	3.654	9.724	180671000	Americas	NA	NA
USA	1965	2.913	10.459	194303000	Americas	NA	NA
USA	1970	2.48	11.124	205052000	Americas	NA	NA
USA	1975	1.774	11.685	215973000	Americas	NA	NA
USA	1980	1.8395	12.199	227225000	Americas	NA	NA
USA	1985	1.844	12.373	237924000	Americas	NA	NA
USA	1990	2.081	12.616	249623000	Americas	99.2	NA
USA	1995	1.978	12.825	266278000	Americas	99.4	NA
USA	2000	2.056	13.155	282162411	Americas	99.4	12.49002552
USA	2005	2.057	13.106	295516599	Americas	99.4	14.57945919
USA	2010	1.931	13.349	309378227	Americas	99.4	16.19723129
USA	2015	1.8435	13.306	321815121	Americas	99.1	16.48159981
BFA	1965	6.471	NA	5152833	Africa	NA	NA
BFA	1970	6.685	NA	5610304	Africa	NA	NA
BFA	1975	6.913	NA	6147569	Africa	NA	NA
BFA	1980	7.222	NA	6947900	Africa	NA	NA
BFA	1985	7.242	NA	7999935	Africa	NA	NA
BFA	1990	7.009	NA	9159356	Africa	NA	NA
BFA	1995	6.814	NA	10386722	Africa	NA	NA
BFA	2000	6.519	NA	11925546	Africa	NA	2.9502635
BFA	2005	6.182	NA	13932123	Africa	NA	3.95109582
BFA	2010	5.936	NA	16176498	Africa	65.9	5.23958349
BFA	2015	5.478	NA	18777487	Africa	79.8	5.13192415
URY	1960	2.827	5.057	2529957	Americas	NA	NA
URY	1965	2.84	5.454	2681169	Americas	NA	NA
URY	1970	2.772	6.006	2790807	Americas	NA	NA
URY	1975	3.017	6.557	2872320	Americas	NA	NA
URY	1980	2.59	7.124	2951953	Americas	NA	NA
URY	1985	2.47	7.582	3017037	Americas	NA	NA
URY	1990	2.477	7.526	3104403	Americas	99.4	NA
URY	1995	2.401	7.526	3189440	Americas	98	NA
URY	2000	2.196	8.235	3266206	Americas	99.7	9.17182446
URY	2005	2.097	8.8	3285771	Americas	99.9	7.72390509
URY	2010	2.011	8.919	3318580	Americas	99.8	7.87757301
URY	2015	2.041	9.259	3368017	Americas	99.9	8.25703716
UZB	1995	3.566	NA	22917589	Asia	NA	NA
UZB	2000	2.696	NA	24787054	Asia	94.9	5.13293362
UZB	2005	2.438	NA	26356975	Asia	100	4.781991
UZB	2010	2.442	NA	28385506	Asia	100	5.29938841
UZB	2015	2.583	NA	30749346	Asia	100	4.73596573
VEN	1960	6.382	2.092	8160090	Americas	NA	NA
VEN	1965	5.977	2.509	9697790	Americas	NA	NA
VEN	1970	5.321	3.306	11387790	Americas	NA	NA
VEN	1975	4.686	4.324	13215892	Americas	NA	NA
VEN	1980	4.2	5.31	15258218	Americas	NA	NA
VEN	1985	3.794	5.263	17461434	Americas	NA	NA
VEN	1990	3.448	5.34	19827010	Americas	NA	NA
VEN	1995	3.082	6.204	22193821	Americas	NA	NA
VEN	2000	2.79	7.136	24526708	Americas	94	NA
VEN	2005	2.629	8.028	26785804	Americas	NA	NA
VEN	2010	2.396	9.142	28813101	Americas	NA	NA
VEN	2015	2.253	10.657	30573972	Americas	99.3	NA
WSM	1965	7.653	NA	127978	Oceania	NA	NA
WSM	1970	7.338	NA	140400	Oceania	NA	NA
WSM	1975	6.606	NA	153344	Oceania	NA	NA
WSM	1980	5.861	NA	164322	Oceania	NA	NA
WSM	1985	5.489	NA	166849	Oceania	NA	NA
WSM	1990	5.007	NA	169042	Oceania	76	NA
WSM	1995	4.767	NA	174571	Oceania	NA	NA
WSM	2000	4.523	NA	181685	Oceania	80	4.28232527
WSM	2005	4.322	NA	186978	Oceania	NA	4.63365459
WSM	2010	4.52	NA	193023	Oceania	NA	5.15268326
WSM	2015	4.344	NA	201782	Oceania	NA	6.21438408
YEM	1960	NA	0.027	NA	Asia	NA	NA
YEM	1965	NA	0.029	NA	Asia	NA	NA
YEM	1970	NA	0.034	NA	Asia	NA	NA
YEM	1975	NA	0.03	NA	Asia	NA	NA
YEM	1980	NA	0.088	NA	Asia	NA	NA
YEM	1985	NA	0.186	NA	Asia	NA	NA
YEM	1990	8.606	0.456	13887862	Asia	NA	NA
YEM	1995	7.525	0.755	16740058	Asia	NA	NA
YEM	2000	6.317	1.213	19624141	Asia	NA	4.66606569
YEM	2005	5.563	1.863	22790085	Asia	NA	5.20585251
YEM	2010	4.81	2.781	26754387	Asia	NA	5.15932894
YEM	2015	4.617	3.341	31159379	Asia	NA	4.25285673
YUG	1960	NA	NA	NA	NA	NA	NA
YUG	1965	NA	NA	NA	NA	NA	NA
YUG	1970	NA	NA	NA	NA	NA	NA
YUG	1975	NA	NA	NA	NA	NA	NA
YUG	1980	NA	NA	NA	NA	NA	NA
YUG	1985	NA	NA	NA	NA	NA	NA
YUG	1990	NA	NA	NA	NA	NA	NA
SCG	1995	NA	NA	NA	NA	NA	NA
SCG	2000	NA	NA	NA	NA	NA	NA
SCG	2005	NA	NA	NA	NA	NA	NA
ZMB	1965	7.116	2.098	3692086	Africa	NA	NA
ZMB	1970	7.224	2.593	4321718	Africa	NA	NA
ZMB	1975	7.421	2.899	4990086	Africa	NA	NA
ZMB	1980	7.139	3.277	5802833	Africa	NA	NA
ZMB	1985	6.928	3.694	6780953	Africa	NA	NA
ZMB	1990	6.567	3.985	7786169	Africa	NA	NA
ZMB	1995	6.232	5.24	8785763	Africa	NA	NA
ZMB	2000	5.921	5.747	10017631	Africa	NA	4.17365646
ZMB	2005	5.697	6.211	11718819	Africa	NA	6.33088684
ZMB	2010	5.359	7.057	13965594	Africa	NA	3.97471905
ZMB	2015	4.775	7.67	16399089	Africa	NA	4.42974281
FRA	1960	2.85	4.225	47412964	Europe	NA	NA
MYS	1960	NA	NA	NA	Asia	NA	NA
MYS	1965	5.836	2.289	9056408	Asia	NA	NA
CYP	1965	3.47	4.981	617736	Asia	NA	NA
CYP	1970	3.065	5.547	647446	Asia	NA	NA
PAK	1960	6.8	0.441	45709310	Asia	NA	NA
PAK	1965	6.8	0.577	52209010	Asia	NA	NA
PAK	1970	6.801	0.753	60166719	Asia	NA	NA
VNM	1960	6.273	NA	32531933	Asia	NA	NA
VNM	1965	6.156	NA	37129656	Asia	NA	NA
VNM	1970	6.019	NA	41475230	Asia	NA	NA
VNM	1975	5.621	NA	46482903	Asia	NA	NA
VDR	1960	NA	NA	NA	NA	NA	NA
VDR	1965	NA	NA	NA	NA	NA	NA
VDR	1970	NA	NA	NA	NA	NA	NA
VDR	1975	NA	NA	NA	NA	NA	NA
